-- phpMyAdmin SQL Dump
-- version 5.2.3
-- https://www.phpmyadmin.net/
--
-- Host: localhost:3306
-- Generation Time: Feb 08, 2026 at 08:19 AM
-- Server version: 8.0.30
-- PHP Version: 8.4.14

SET SQL_MODE = "NO_AUTO_VALUE_ON_ZERO";
START TRANSACTION;
SET time_zone = "+00:00";


/*!40101 SET @OLD_CHARACTER_SET_CLIENT=@@CHARACTER_SET_CLIENT */;
/*!40101 SET @OLD_CHARACTER_SET_RESULTS=@@CHARACTER_SET_RESULTS */;
/*!40101 SET @OLD_COLLATION_CONNECTION=@@COLLATION_CONNECTION */;
/*!40101 SET NAMES utf8mb4 */;

--
-- Database: `lms`
--

-- --------------------------------------------------------

--
-- Table structure for table `cache`
--

CREATE TABLE `cache` (
  `key` varchar(255) COLLATE utf8mb4_unicode_ci NOT NULL,
  `value` mediumtext COLLATE utf8mb4_unicode_ci NOT NULL,
  `expiration` int NOT NULL
) ENGINE=InnoDB DEFAULT CHARSET=utf8mb4 COLLATE=utf8mb4_unicode_ci;

-- --------------------------------------------------------

--
-- Table structure for table `cache_locks`
--

CREATE TABLE `cache_locks` (
  `key` varchar(255) COLLATE utf8mb4_unicode_ci NOT NULL,
  `owner` varchar(255) COLLATE utf8mb4_unicode_ci NOT NULL,
  `expiration` int NOT NULL
) ENGINE=InnoDB DEFAULT CHARSET=utf8mb4 COLLATE=utf8mb4_unicode_ci;

-- --------------------------------------------------------

--
-- Table structure for table `failed_jobs`
--

CREATE TABLE `failed_jobs` (
  `id` bigint UNSIGNED NOT NULL,
  `uuid` varchar(255) COLLATE utf8mb4_unicode_ci NOT NULL,
  `connection` text COLLATE utf8mb4_unicode_ci NOT NULL,
  `queue` text COLLATE utf8mb4_unicode_ci NOT NULL,
  `payload` longtext COLLATE utf8mb4_unicode_ci NOT NULL,
  `exception` longtext COLLATE utf8mb4_unicode_ci NOT NULL,
  `failed_at` timestamp NOT NULL DEFAULT CURRENT_TIMESTAMP
) ENGINE=InnoDB DEFAULT CHARSET=utf8mb4 COLLATE=utf8mb4_unicode_ci;

-- --------------------------------------------------------

--
-- Table structure for table `hasil_ujians`
--

CREATE TABLE `hasil_ujians` (
  `id` bigint UNSIGNED NOT NULL,
  `user_id` bigint UNSIGNED NOT NULL,
  `materi_id` bigint UNSIGNED NOT NULL,
  `jumlah_soal` int NOT NULL DEFAULT '0',
  `jumlah_benar` int NOT NULL DEFAULT '0',
  `nilai` int NOT NULL DEFAULT '0',
  `lulus` tinyint(1) NOT NULL DEFAULT '0',
  `created_at` timestamp NULL DEFAULT NULL,
  `updated_at` timestamp NULL DEFAULT NULL
) ENGINE=InnoDB DEFAULT CHARSET=utf8mb4 COLLATE=utf8mb4_unicode_ci;

--
-- Dumping data for table `hasil_ujians`
--

INSERT INTO `hasil_ujians` (`id`, `user_id`, `materi_id`, `jumlah_soal`, `jumlah_benar`, `nilai`, `lulus`, `created_at`, `updated_at`) VALUES
(1, 4, 32, 5, 4, 80, 1, '2026-02-07 23:58:02', '2026-02-07 23:58:02'),
(2, 4, 33, 5, 4, 80, 1, '2026-02-07 23:58:02', '2026-02-07 23:58:02'),
(3, 4, 34, 5, 4, 80, 1, '2026-02-07 23:58:02', '2026-02-07 23:58:02'),
(4, 4, 25, 5, 4, 80, 1, '2026-02-07 23:58:02', '2026-02-07 23:58:02'),
(5, 4, 26, 5, 4, 80, 1, '2026-02-07 23:58:02', '2026-02-07 23:58:02'),
(6, 4, 27, 5, 1, 20, 0, '2026-02-07 23:58:02', '2026-02-07 23:58:02'),
(7, 4, 28, 5, 4, 80, 1, '2026-02-07 23:58:02', '2026-02-07 23:58:02'),
(8, 4, 29, 5, 4, 80, 1, '2026-02-07 23:58:02', '2026-02-07 23:58:02'),
(9, 5, 28, 5, 4, 80, 1, '2026-02-07 23:58:02', '2026-02-07 23:58:02'),
(10, 5, 29, 5, 5, 100, 1, '2026-02-07 23:58:02', '2026-02-07 23:58:02'),
(11, 5, 30, 5, 5, 100, 1, '2026-02-07 23:58:02', '2026-02-07 23:58:02'),
(12, 5, 31, 5, 2, 40, 0, '2026-02-07 23:58:02', '2026-02-07 23:58:02'),
(13, 5, 25, 5, 4, 80, 1, '2026-02-07 23:58:02', '2026-02-07 23:58:02'),
(14, 5, 26, 5, 5, 100, 1, '2026-02-07 23:58:02', '2026-02-07 23:58:02'),
(15, 5, 10, 5, 5, 100, 1, '2026-02-07 23:58:02', '2026-02-07 23:58:02'),
(16, 6, 21, 5, 5, 100, 1, '2026-02-07 23:58:02', '2026-02-07 23:58:02'),
(17, 6, 22, 5, 4, 80, 1, '2026-02-07 23:58:02', '2026-02-07 23:58:02'),
(18, 6, 23, 5, 3, 60, 0, '2026-02-07 23:58:02', '2026-02-07 23:58:02'),
(19, 6, 10, 5, 5, 100, 1, '2026-02-07 23:58:02', '2026-02-07 23:58:02'),
(20, 6, 11, 5, 1, 20, 0, '2026-02-07 23:58:02', '2026-02-07 23:58:02'),
(21, 6, 14, 5, 5, 100, 1, '2026-02-07 23:58:02', '2026-02-07 23:58:02'),
(22, 6, 15, 5, 4, 80, 1, '2026-02-07 23:58:02', '2026-02-07 23:58:02'),
(23, 6, 16, 5, 4, 80, 1, '2026-02-07 23:58:02', '2026-02-07 23:58:02'),
(24, 6, 17, 5, 4, 80, 1, '2026-02-07 23:58:02', '2026-02-07 23:58:02'),
(25, 6, 25, 5, 5, 100, 1, '2026-02-07 23:58:02', '2026-02-07 23:58:02'),
(26, 6, 26, 5, 4, 80, 1, '2026-02-07 23:58:02', '2026-02-07 23:58:02'),
(27, 6, 27, 5, 3, 60, 0, '2026-02-07 23:58:02', '2026-02-07 23:58:02'),
(28, 7, 32, 5, 4, 80, 1, '2026-02-07 23:58:02', '2026-02-07 23:58:02'),
(29, 7, 18, 5, 4, 80, 1, '2026-02-07 23:58:02', '2026-02-07 23:58:02'),
(30, 7, 19, 5, 4, 80, 1, '2026-02-07 23:58:02', '2026-02-07 23:58:02'),
(31, 7, 20, 5, 4, 80, 1, '2026-02-07 23:58:02', '2026-02-07 23:58:02'),
(32, 7, 35, 5, 4, 80, 1, '2026-02-07 23:58:02', '2026-02-07 23:58:02'),
(33, 7, 36, 5, 4, 80, 1, '2026-02-07 23:58:02', '2026-02-07 23:58:02'),
(34, 7, 37, 5, 3, 60, 0, '2026-02-07 23:58:02', '2026-02-07 23:58:02'),
(35, 7, 14, 5, 5, 100, 1, '2026-02-07 23:58:02', '2026-02-07 23:58:02'),
(36, 7, 15, 5, 5, 100, 1, '2026-02-07 23:58:02', '2026-02-07 23:58:02'),
(37, 7, 16, 5, 1, 20, 0, '2026-02-07 23:58:02', '2026-02-07 23:58:02'),
(38, 7, 21, 5, 4, 80, 1, '2026-02-07 23:58:02', '2026-02-07 23:58:02'),
(39, 7, 22, 5, 3, 60, 0, '2026-02-07 23:58:02', '2026-02-07 23:58:02'),
(40, 8, 25, 5, 4, 80, 1, '2026-02-07 23:58:02', '2026-02-07 23:58:02'),
(41, 8, 26, 5, 5, 100, 1, '2026-02-07 23:58:02', '2026-02-07 23:58:02'),
(42, 8, 27, 5, 5, 100, 1, '2026-02-07 23:58:02', '2026-02-07 23:58:02'),
(43, 8, 35, 5, 5, 100, 1, '2026-02-07 23:58:02', '2026-02-07 23:58:02'),
(44, 8, 36, 5, 5, 100, 1, '2026-02-07 23:58:02', '2026-02-07 23:58:02'),
(45, 8, 1, 5, 5, 100, 1, '2026-02-07 23:58:02', '2026-02-07 23:58:02'),
(46, 8, 2, 5, 5, 100, 1, '2026-02-07 23:58:02', '2026-02-07 23:58:02'),
(47, 8, 3, 5, 5, 100, 1, '2026-02-07 23:58:02', '2026-02-07 23:58:02'),
(48, 8, 14, 5, 4, 80, 1, '2026-02-07 23:58:03', '2026-02-07 23:58:03'),
(49, 8, 32, 5, 4, 80, 1, '2026-02-07 23:58:03', '2026-02-07 23:58:03'),
(50, 8, 33, 5, 5, 100, 1, '2026-02-07 23:58:03', '2026-02-07 23:58:03'),
(51, 8, 34, 5, 4, 80, 1, '2026-02-07 23:58:03', '2026-02-07 23:58:03'),
(52, 9, 35, 5, 4, 80, 1, '2026-02-07 23:58:03', '2026-02-07 23:58:03'),
(53, 9, 36, 5, 5, 100, 1, '2026-02-07 23:58:03', '2026-02-07 23:58:03'),
(54, 9, 37, 5, 5, 100, 1, '2026-02-07 23:58:03', '2026-02-07 23:58:03'),
(55, 9, 1, 5, 5, 100, 1, '2026-02-07 23:58:03', '2026-02-07 23:58:03'),
(56, 9, 2, 5, 4, 80, 1, '2026-02-07 23:58:03', '2026-02-07 23:58:03'),
(57, 9, 3, 5, 5, 100, 1, '2026-02-07 23:58:03', '2026-02-07 23:58:03'),
(58, 9, 4, 5, 5, 100, 1, '2026-02-07 23:58:03', '2026-02-07 23:58:03'),
(59, 9, 18, 5, 5, 100, 1, '2026-02-07 23:58:03', '2026-02-07 23:58:03'),
(60, 9, 19, 5, 4, 80, 1, '2026-02-07 23:58:03', '2026-02-07 23:58:03'),
(61, 10, 18, 5, 5, 100, 1, '2026-02-07 23:58:03', '2026-02-07 23:58:03'),
(62, 10, 19, 5, 4, 80, 1, '2026-02-07 23:58:03', '2026-02-07 23:58:03'),
(63, 10, 20, 5, 1, 20, 0, '2026-02-07 23:58:03', '2026-02-07 23:58:03'),
(64, 10, 6, 5, 5, 100, 1, '2026-02-07 23:58:03', '2026-02-07 23:58:03'),
(65, 10, 7, 5, 5, 100, 1, '2026-02-07 23:58:03', '2026-02-07 23:58:03'),
(66, 10, 14, 5, 5, 100, 1, '2026-02-07 23:58:03', '2026-02-07 23:58:03'),
(67, 10, 15, 5, 1, 20, 0, '2026-02-07 23:58:03', '2026-02-07 23:58:03'),
(68, 11, 35, 5, 4, 80, 1, '2026-02-07 23:58:03', '2026-02-07 23:58:03'),
(69, 11, 36, 5, 4, 80, 1, '2026-02-07 23:58:03', '2026-02-07 23:58:03'),
(70, 11, 18, 5, 5, 100, 1, '2026-02-07 23:58:03', '2026-02-07 23:58:03'),
(71, 11, 19, 5, 1, 20, 0, '2026-02-07 23:58:03', '2026-02-07 23:58:03'),
(72, 11, 28, 5, 4, 80, 1, '2026-02-07 23:58:03', '2026-02-07 23:58:03'),
(73, 11, 29, 5, 4, 80, 1, '2026-02-07 23:58:03', '2026-02-07 23:58:03'),
(74, 11, 30, 5, 4, 80, 1, '2026-02-07 23:58:03', '2026-02-07 23:58:03'),
(75, 11, 31, 5, 5, 100, 1, '2026-02-07 23:58:03', '2026-02-07 23:58:03'),
(76, 11, 10, 5, 4, 80, 1, '2026-02-07 23:58:03', '2026-02-07 23:58:03'),
(77, 11, 11, 5, 5, 100, 1, '2026-02-07 23:58:03', '2026-02-07 23:58:03'),
(78, 11, 12, 5, 4, 80, 1, '2026-02-07 23:58:03', '2026-02-07 23:58:03'),
(79, 12, 28, 5, 5, 100, 1, '2026-02-07 23:58:03', '2026-02-07 23:58:03'),
(80, 12, 29, 5, 1, 20, 0, '2026-02-07 23:58:03', '2026-02-07 23:58:03'),
(81, 12, 18, 5, 4, 80, 1, '2026-02-07 23:58:03', '2026-02-07 23:58:03'),
(82, 12, 19, 5, 4, 80, 1, '2026-02-07 23:58:03', '2026-02-07 23:58:03'),
(83, 12, 20, 5, 4, 80, 1, '2026-02-07 23:58:03', '2026-02-07 23:58:03'),
(84, 12, 32, 5, 5, 100, 1, '2026-02-07 23:58:03', '2026-02-07 23:58:03'),
(85, 12, 33, 5, 5, 100, 1, '2026-02-07 23:58:03', '2026-02-07 23:58:03'),
(86, 12, 34, 5, 0, 0, 0, '2026-02-07 23:58:03', '2026-02-07 23:58:03'),
(87, 12, 14, 5, 4, 80, 1, '2026-02-07 23:58:03', '2026-02-07 23:58:03'),
(88, 12, 15, 5, 5, 100, 1, '2026-02-07 23:58:03', '2026-02-07 23:58:03'),
(89, 12, 6, 5, 5, 100, 1, '2026-02-07 23:58:03', '2026-02-07 23:58:03'),
(90, 12, 7, 5, 3, 60, 0, '2026-02-07 23:58:03', '2026-02-07 23:58:03'),
(91, 13, 25, 5, 4, 80, 1, '2026-02-07 23:58:03', '2026-02-07 23:58:03'),
(92, 13, 26, 5, 5, 100, 1, '2026-02-07 23:58:03', '2026-02-07 23:58:03'),
(93, 13, 27, 5, 5, 100, 1, '2026-02-07 23:58:03', '2026-02-07 23:58:03'),
(94, 13, 28, 5, 5, 100, 1, '2026-02-07 23:58:03', '2026-02-07 23:58:03'),
(95, 13, 29, 5, 4, 80, 1, '2026-02-07 23:58:03', '2026-02-07 23:58:03'),
(96, 13, 30, 5, 4, 80, 1, '2026-02-07 23:58:03', '2026-02-07 23:58:03'),
(97, 13, 10, 5, 4, 80, 1, '2026-02-07 23:58:03', '2026-02-07 23:58:03'),
(98, 13, 11, 5, 4, 80, 1, '2026-02-07 23:58:03', '2026-02-07 23:58:03'),
(99, 13, 21, 5, 5, 100, 1, '2026-02-07 23:58:03', '2026-02-07 23:58:03'),
(100, 13, 32, 5, 4, 80, 1, '2026-02-07 23:58:03', '2026-02-07 23:58:03'),
(101, 13, 33, 5, 4, 80, 1, '2026-02-07 23:58:03', '2026-02-07 23:58:03'),
(102, 13, 34, 5, 4, 80, 1, '2026-02-07 23:58:03', '2026-02-07 23:58:03'),
(103, 14, 6, 5, 4, 80, 1, '2026-02-07 23:58:03', '2026-02-07 23:58:03'),
(104, 14, 7, 5, 5, 100, 1, '2026-02-07 23:58:03', '2026-02-07 23:58:03'),
(105, 14, 8, 5, 4, 80, 1, '2026-02-07 23:58:04', '2026-02-07 23:58:04'),
(106, 14, 9, 5, 5, 100, 1, '2026-02-07 23:58:04', '2026-02-07 23:58:04'),
(107, 14, 14, 5, 5, 100, 1, '2026-02-07 23:58:04', '2026-02-07 23:58:04'),
(108, 14, 15, 5, 5, 100, 1, '2026-02-07 23:58:04', '2026-02-07 23:58:04'),
(109, 14, 16, 5, 4, 80, 1, '2026-02-07 23:58:04', '2026-02-07 23:58:04'),
(110, 14, 28, 5, 4, 80, 1, '2026-02-07 23:58:04', '2026-02-07 23:58:04'),
(111, 14, 29, 5, 5, 100, 1, '2026-02-07 23:58:04', '2026-02-07 23:58:04'),
(112, 15, 14, 5, 4, 80, 1, '2026-02-07 23:58:04', '2026-02-07 23:58:04'),
(113, 15, 15, 5, 5, 100, 1, '2026-02-07 23:58:04', '2026-02-07 23:58:04'),
(114, 15, 16, 5, 4, 80, 1, '2026-02-07 23:58:04', '2026-02-07 23:58:04'),
(115, 15, 17, 5, 2, 40, 0, '2026-02-07 23:58:04', '2026-02-07 23:58:04'),
(116, 15, 21, 5, 4, 80, 1, '2026-02-07 23:58:04', '2026-02-07 23:58:04'),
(117, 15, 22, 5, 4, 80, 1, '2026-02-07 23:58:04', '2026-02-07 23:58:04'),
(118, 15, 6, 5, 5, 100, 1, '2026-02-07 23:58:04', '2026-02-07 23:58:04'),
(119, 16, 18, 5, 5, 100, 1, '2026-02-07 23:58:04', '2026-02-07 23:58:04'),
(120, 16, 19, 5, 4, 80, 1, '2026-02-07 23:58:04', '2026-02-07 23:58:04'),
(121, 16, 28, 5, 5, 100, 1, '2026-02-07 23:58:04', '2026-02-07 23:58:04'),
(122, 16, 29, 5, 0, 0, 0, '2026-02-07 23:58:04', '2026-02-07 23:58:04'),
(123, 16, 10, 5, 4, 80, 1, '2026-02-07 23:58:04', '2026-02-07 23:58:04'),
(124, 16, 11, 5, 4, 80, 1, '2026-02-07 23:58:04', '2026-02-07 23:58:04'),
(125, 16, 12, 5, 5, 100, 1, '2026-02-07 23:58:04', '2026-02-07 23:58:04'),
(126, 16, 13, 5, 5, 100, 1, '2026-02-07 23:58:04', '2026-02-07 23:58:04'),
(127, 16, 21, 5, 5, 100, 1, '2026-02-07 23:58:04', '2026-02-07 23:58:04'),
(128, 16, 22, 5, 5, 100, 1, '2026-02-07 23:58:04', '2026-02-07 23:58:04'),
(129, 16, 23, 5, 4, 80, 1, '2026-02-07 23:58:04', '2026-02-07 23:58:04'),
(130, 16, 24, 5, 1, 20, 0, '2026-02-07 23:58:04', '2026-02-07 23:58:04'),
(131, 17, 28, 5, 4, 80, 1, '2026-02-07 23:58:04', '2026-02-07 23:58:04'),
(132, 17, 29, 5, 1, 20, 0, '2026-02-07 23:58:04', '2026-02-07 23:58:04'),
(133, 17, 32, 5, 5, 100, 1, '2026-02-07 23:58:04', '2026-02-07 23:58:04'),
(134, 17, 33, 5, 5, 100, 1, '2026-02-07 23:58:04', '2026-02-07 23:58:04'),
(135, 17, 34, 5, 4, 80, 1, '2026-02-07 23:58:04', '2026-02-07 23:58:04'),
(136, 17, 1, 5, 5, 100, 1, '2026-02-07 23:58:04', '2026-02-07 23:58:04'),
(137, 17, 2, 5, 4, 80, 1, '2026-02-07 23:58:04', '2026-02-07 23:58:04'),
(138, 17, 3, 5, 4, 80, 1, '2026-02-07 23:58:04', '2026-02-07 23:58:04'),
(139, 17, 4, 5, 5, 100, 1, '2026-02-07 23:58:04', '2026-02-07 23:58:04'),
(140, 17, 25, 5, 4, 80, 1, '2026-02-07 23:58:04', '2026-02-07 23:58:04'),
(141, 17, 26, 5, 5, 100, 1, '2026-02-07 23:58:04', '2026-02-07 23:58:04'),
(142, 17, 27, 5, 3, 60, 0, '2026-02-07 23:58:04', '2026-02-07 23:58:04'),
(143, 17, 35, 5, 4, 80, 1, '2026-02-07 23:58:04', '2026-02-07 23:58:04'),
(144, 17, 36, 5, 1, 20, 0, '2026-02-07 23:58:04', '2026-02-07 23:58:04'),
(145, 18, 28, 5, 5, 100, 1, '2026-02-07 23:58:04', '2026-02-07 23:58:04'),
(146, 18, 29, 5, 5, 100, 1, '2026-02-07 23:58:04', '2026-02-07 23:58:04'),
(147, 18, 30, 5, 5, 100, 1, '2026-02-07 23:58:04', '2026-02-07 23:58:04'),
(148, 18, 31, 5, 4, 80, 1, '2026-02-07 23:58:04', '2026-02-07 23:58:04'),
(149, 18, 32, 5, 4, 80, 1, '2026-02-07 23:58:04', '2026-02-07 23:58:04'),
(150, 18, 33, 5, 5, 100, 1, '2026-02-07 23:58:04', '2026-02-07 23:58:04'),
(151, 18, 21, 5, 4, 80, 1, '2026-02-07 23:58:04', '2026-02-07 23:58:04'),
(152, 18, 22, 5, 5, 100, 1, '2026-02-07 23:58:04', '2026-02-07 23:58:04'),
(153, 18, 14, 5, 5, 100, 1, '2026-02-07 23:58:04', '2026-02-07 23:58:04'),
(154, 18, 35, 5, 5, 100, 1, '2026-02-07 23:58:04', '2026-02-07 23:58:04'),
(155, 18, 36, 5, 4, 80, 1, '2026-02-07 23:58:04', '2026-02-07 23:58:04'),
(156, 18, 37, 5, 4, 80, 1, '2026-02-07 23:58:04', '2026-02-07 23:58:04'),
(157, 19, 35, 5, 5, 100, 1, '2026-02-07 23:58:04', '2026-02-07 23:58:04'),
(158, 19, 36, 5, 4, 80, 1, '2026-02-07 23:58:04', '2026-02-07 23:58:04'),
(159, 19, 37, 5, 5, 100, 1, '2026-02-07 23:58:04', '2026-02-07 23:58:04'),
(160, 19, 10, 5, 4, 80, 1, '2026-02-07 23:58:04', '2026-02-07 23:58:04'),
(161, 19, 11, 5, 4, 80, 1, '2026-02-07 23:58:04', '2026-02-07 23:58:04'),
(162, 19, 12, 5, 5, 100, 1, '2026-02-07 23:58:04', '2026-02-07 23:58:04'),
(163, 19, 25, 5, 4, 80, 1, '2026-02-07 23:58:04', '2026-02-07 23:58:04'),
(164, 19, 26, 5, 4, 80, 1, '2026-02-07 23:58:05', '2026-02-07 23:58:05'),
(165, 20, 10, 5, 4, 80, 1, '2026-02-07 23:58:05', '2026-02-07 23:58:05'),
(166, 20, 11, 5, 4, 80, 1, '2026-02-07 23:58:05', '2026-02-07 23:58:05'),
(167, 20, 12, 5, 5, 100, 1, '2026-02-07 23:58:05', '2026-02-07 23:58:05'),
(168, 20, 13, 5, 1, 20, 0, '2026-02-07 23:58:05', '2026-02-07 23:58:05'),
(169, 20, 1, 5, 4, 80, 1, '2026-02-07 23:58:05', '2026-02-07 23:58:05'),
(170, 20, 2, 5, 5, 100, 1, '2026-02-07 23:58:05', '2026-02-07 23:58:05'),
(171, 20, 3, 5, 4, 80, 1, '2026-02-07 23:58:05', '2026-02-07 23:58:05'),
(172, 20, 32, 5, 5, 100, 1, '2026-02-07 23:58:05', '2026-02-07 23:58:05'),
(173, 20, 33, 5, 3, 60, 0, '2026-02-07 23:58:05', '2026-02-07 23:58:05'),
(174, 21, 21, 5, 4, 80, 1, '2026-02-07 23:58:05', '2026-02-07 23:58:05'),
(175, 21, 22, 5, 4, 80, 1, '2026-02-07 23:58:05', '2026-02-07 23:58:05'),
(176, 21, 23, 5, 0, 0, 0, '2026-02-07 23:58:05', '2026-02-07 23:58:05'),
(177, 21, 32, 5, 4, 80, 1, '2026-02-07 23:58:05', '2026-02-07 23:58:05'),
(178, 21, 1, 5, 5, 100, 1, '2026-02-07 23:58:05', '2026-02-07 23:58:05'),
(179, 21, 2, 5, 4, 80, 1, '2026-02-07 23:58:05', '2026-02-07 23:58:05'),
(180, 21, 3, 5, 4, 80, 1, '2026-02-07 23:58:05', '2026-02-07 23:58:05'),
(181, 21, 4, 5, 4, 80, 1, '2026-02-07 23:58:05', '2026-02-07 23:58:05'),
(182, 21, 5, 5, 5, 100, 1, '2026-02-07 23:58:05', '2026-02-07 23:58:05'),
(183, 21, 18, 5, 5, 100, 1, '2026-02-07 23:58:05', '2026-02-07 23:58:05'),
(184, 21, 19, 5, 4, 80, 1, '2026-02-07 23:58:05', '2026-02-07 23:58:05'),
(185, 22, 1, 5, 4, 80, 1, '2026-02-07 23:58:05', '2026-02-07 23:58:05'),
(186, 22, 18, 5, 5, 100, 1, '2026-02-07 23:58:05', '2026-02-07 23:58:05'),
(187, 22, 19, 5, 4, 80, 1, '2026-02-07 23:58:05', '2026-02-07 23:58:05'),
(188, 22, 20, 5, 4, 80, 1, '2026-02-07 23:58:05', '2026-02-07 23:58:05'),
(189, 22, 21, 5, 4, 80, 1, '2026-02-07 23:58:05', '2026-02-07 23:58:05'),
(190, 22, 22, 5, 5, 100, 1, '2026-02-07 23:58:05', '2026-02-07 23:58:05'),
(191, 22, 23, 5, 5, 100, 1, '2026-02-07 23:58:05', '2026-02-07 23:58:05'),
(192, 22, 32, 5, 4, 80, 1, '2026-02-07 23:58:05', '2026-02-07 23:58:05'),
(193, 22, 33, 5, 5, 100, 1, '2026-02-07 23:58:05', '2026-02-07 23:58:05'),
(194, 22, 34, 5, 2, 40, 0, '2026-02-07 23:58:05', '2026-02-07 23:58:05'),
(195, 22, 25, 5, 4, 80, 1, '2026-02-07 23:58:05', '2026-02-07 23:58:05'),
(196, 23, 25, 5, 4, 80, 1, '2026-02-07 23:58:05', '2026-02-07 23:58:05'),
(197, 23, 26, 5, 5, 100, 1, '2026-02-07 23:58:05', '2026-02-07 23:58:05'),
(198, 23, 27, 5, 4, 80, 1, '2026-02-07 23:58:05', '2026-02-07 23:58:05'),
(199, 23, 21, 5, 4, 80, 1, '2026-02-07 23:58:05', '2026-02-07 23:58:05'),
(200, 23, 22, 5, 5, 100, 1, '2026-02-07 23:58:05', '2026-02-07 23:58:05'),
(201, 23, 23, 5, 5, 100, 1, '2026-02-07 23:58:05', '2026-02-07 23:58:05'),
(202, 23, 6, 5, 4, 80, 1, '2026-02-07 23:58:05', '2026-02-07 23:58:05'),
(203, 23, 7, 5, 4, 80, 1, '2026-02-07 23:58:05', '2026-02-07 23:58:05'),
(204, 23, 8, 5, 1, 20, 0, '2026-02-07 23:58:05', '2026-02-07 23:58:05'),
(205, 23, 18, 5, 5, 100, 1, '2026-02-07 23:58:05', '2026-02-07 23:58:05'),
(206, 23, 19, 5, 1, 20, 0, '2026-02-07 23:58:05', '2026-02-07 23:58:05'),
(207, 23, 32, 5, 5, 100, 1, '2026-02-07 23:58:05', '2026-02-07 23:58:05'),
(208, 23, 33, 5, 4, 80, 1, '2026-02-07 23:58:05', '2026-02-07 23:58:05'),
(209, 23, 34, 5, 5, 100, 1, '2026-02-07 23:58:05', '2026-02-07 23:58:05'),
(210, 24, 14, 5, 4, 80, 1, '2026-02-07 23:58:05', '2026-02-07 23:58:05'),
(211, 24, 15, 5, 5, 100, 1, '2026-02-07 23:58:05', '2026-02-07 23:58:05'),
(212, 24, 16, 5, 4, 80, 1, '2026-02-07 23:58:05', '2026-02-07 23:58:05'),
(213, 24, 17, 5, 4, 80, 1, '2026-02-07 23:58:06', '2026-02-07 23:58:06'),
(214, 24, 28, 5, 4, 80, 1, '2026-02-07 23:58:06', '2026-02-07 23:58:06'),
(215, 24, 29, 5, 4, 80, 1, '2026-02-07 23:58:06', '2026-02-07 23:58:06'),
(216, 24, 30, 5, 5, 100, 1, '2026-02-07 23:58:06', '2026-02-07 23:58:06'),
(217, 24, 31, 5, 0, 0, 0, '2026-02-07 23:58:06', '2026-02-07 23:58:06'),
(218, 24, 21, 5, 5, 100, 1, '2026-02-07 23:58:06', '2026-02-07 23:58:06'),
(219, 24, 22, 5, 5, 100, 1, '2026-02-07 23:58:06', '2026-02-07 23:58:06'),
(220, 24, 23, 5, 2, 40, 0, '2026-02-07 23:58:06', '2026-02-07 23:58:06'),
(221, 25, 21, 5, 5, 100, 1, '2026-02-07 23:58:06', '2026-02-07 23:58:06'),
(222, 25, 22, 5, 5, 100, 1, '2026-02-07 23:58:06', '2026-02-07 23:58:06'),
(223, 25, 23, 5, 5, 100, 1, '2026-02-07 23:58:06', '2026-02-07 23:58:06'),
(224, 25, 24, 5, 1, 20, 0, '2026-02-07 23:58:06', '2026-02-07 23:58:06'),
(225, 25, 25, 5, 5, 100, 1, '2026-02-07 23:58:06', '2026-02-07 23:58:06'),
(226, 25, 26, 5, 4, 80, 1, '2026-02-07 23:58:06', '2026-02-07 23:58:06'),
(227, 25, 27, 5, 3, 60, 0, '2026-02-07 23:58:06', '2026-02-07 23:58:06'),
(228, 25, 14, 5, 5, 100, 1, '2026-02-07 23:58:06', '2026-02-07 23:58:06'),
(229, 26, 1, 5, 5, 100, 1, '2026-02-07 23:58:06', '2026-02-07 23:58:06'),
(230, 26, 2, 5, 5, 100, 1, '2026-02-07 23:58:06', '2026-02-07 23:58:06'),
(231, 26, 3, 5, 4, 80, 1, '2026-02-07 23:58:06', '2026-02-07 23:58:06'),
(232, 26, 35, 5, 5, 100, 1, '2026-02-07 23:58:06', '2026-02-07 23:58:06'),
(233, 26, 36, 5, 2, 40, 0, '2026-02-07 23:58:06', '2026-02-07 23:58:06'),
(234, 26, 32, 5, 5, 100, 1, '2026-02-07 23:58:06', '2026-02-07 23:58:06'),
(235, 26, 33, 5, 5, 100, 1, '2026-02-07 23:58:06', '2026-02-07 23:58:06'),
(236, 26, 34, 5, 5, 100, 1, '2026-02-07 23:58:06', '2026-02-07 23:58:06'),
(237, 26, 28, 5, 4, 80, 1, '2026-02-07 23:58:06', '2026-02-07 23:58:06'),
(238, 26, 29, 5, 4, 80, 1, '2026-02-07 23:58:06', '2026-02-07 23:58:06'),
(239, 26, 30, 5, 5, 100, 1, '2026-02-07 23:58:06', '2026-02-07 23:58:06'),
(240, 26, 31, 5, 0, 0, 0, '2026-02-07 23:58:06', '2026-02-07 23:58:06'),
(241, 27, 35, 5, 4, 80, 1, '2026-02-07 23:58:06', '2026-02-07 23:58:06'),
(242, 27, 14, 5, 4, 80, 1, '2026-02-07 23:58:06', '2026-02-07 23:58:06'),
(243, 27, 15, 5, 4, 80, 1, '2026-02-07 23:58:06', '2026-02-07 23:58:06'),
(244, 27, 16, 5, 4, 80, 1, '2026-02-07 23:58:06', '2026-02-07 23:58:06'),
(245, 27, 17, 5, 4, 80, 1, '2026-02-07 23:58:06', '2026-02-07 23:58:06'),
(246, 27, 21, 5, 4, 80, 1, '2026-02-07 23:58:06', '2026-02-07 23:58:06'),
(247, 27, 22, 5, 4, 80, 1, '2026-02-07 23:58:06', '2026-02-07 23:58:06'),
(248, 27, 23, 5, 5, 100, 1, '2026-02-07 23:58:06', '2026-02-07 23:58:06'),
(249, 27, 25, 5, 5, 100, 1, '2026-02-07 23:58:06', '2026-02-07 23:58:06'),
(250, 27, 26, 5, 5, 100, 1, '2026-02-07 23:58:06', '2026-02-07 23:58:06'),
(251, 27, 27, 5, 0, 0, 0, '2026-02-07 23:58:06', '2026-02-07 23:58:06'),
(252, 27, 28, 5, 5, 100, 1, '2026-02-07 23:58:06', '2026-02-07 23:58:06'),
(253, 28, 18, 5, 5, 100, 1, '2026-02-07 23:58:06', '2026-02-07 23:58:06'),
(254, 28, 19, 5, 4, 80, 1, '2026-02-07 23:58:06', '2026-02-07 23:58:06'),
(255, 28, 20, 5, 5, 100, 1, '2026-02-07 23:58:06', '2026-02-07 23:58:06'),
(256, 28, 6, 5, 5, 100, 1, '2026-02-07 23:58:06', '2026-02-07 23:58:06'),
(257, 28, 7, 5, 4, 80, 1, '2026-02-07 23:58:06', '2026-02-07 23:58:06'),
(258, 28, 8, 5, 4, 80, 1, '2026-02-07 23:58:06', '2026-02-07 23:58:06'),
(259, 28, 21, 5, 4, 80, 1, '2026-02-07 23:58:06', '2026-02-07 23:58:06'),
(260, 28, 22, 5, 5, 100, 1, '2026-02-07 23:58:06', '2026-02-07 23:58:06'),
(261, 28, 10, 5, 4, 80, 1, '2026-02-07 23:58:06', '2026-02-07 23:58:06'),
(262, 28, 11, 5, 2, 40, 0, '2026-02-07 23:58:06', '2026-02-07 23:58:06'),
(263, 28, 28, 5, 5, 100, 1, '2026-02-07 23:58:06', '2026-02-07 23:58:06'),
(264, 28, 29, 5, 4, 80, 1, '2026-02-07 23:58:06', '2026-02-07 23:58:06'),
(265, 28, 30, 5, 5, 100, 1, '2026-02-07 23:58:06', '2026-02-07 23:58:06'),
(266, 28, 31, 5, 5, 100, 1, '2026-02-07 23:58:06', '2026-02-07 23:58:06');

-- --------------------------------------------------------

--
-- Table structure for table `jawaban_users`
--

CREATE TABLE `jawaban_users` (
  `id` bigint UNSIGNED NOT NULL,
  `hasil_ujian_id` bigint UNSIGNED NOT NULL,
  `soal_id` bigint UNSIGNED NOT NULL,
  `user_id` bigint UNSIGNED NOT NULL,
  `jawaban_user` varchar(255) COLLATE utf8mb4_unicode_ci NOT NULL,
  `jawaban_benar` tinyint(1) NOT NULL DEFAULT '0',
  `created_at` timestamp NULL DEFAULT NULL,
  `updated_at` timestamp NULL DEFAULT NULL
) ENGINE=InnoDB DEFAULT CHARSET=utf8mb4 COLLATE=utf8mb4_unicode_ci;

--
-- Dumping data for table `jawaban_users`
--

INSERT INTO `jawaban_users` (`id`, `hasil_ujian_id`, `soal_id`, `user_id`, `jawaban_user`, `jawaban_benar`, `created_at`, `updated_at`) VALUES
(1, 1, 156, 4, 'a', 1, '2026-02-07 23:58:02', '2026-02-07 23:58:02'),
(2, 1, 157, 4, 'b', 1, '2026-02-07 23:58:02', '2026-02-07 23:58:02'),
(3, 1, 158, 4, 'b', 1, '2026-02-07 23:58:02', '2026-02-07 23:58:02'),
(4, 1, 159, 4, 'c', 1, '2026-02-07 23:58:02', '2026-02-07 23:58:02'),
(5, 1, 160, 4, 'd', 0, '2026-02-07 23:58:02', '2026-02-07 23:58:02'),
(6, 2, 161, 4, 'b', 1, '2026-02-07 23:58:02', '2026-02-07 23:58:02'),
(7, 2, 162, 4, 'b', 1, '2026-02-07 23:58:02', '2026-02-07 23:58:02'),
(8, 2, 163, 4, 'b', 1, '2026-02-07 23:58:02', '2026-02-07 23:58:02'),
(9, 2, 164, 4, 'b', 1, '2026-02-07 23:58:02', '2026-02-07 23:58:02'),
(10, 2, 165, 4, 'd', 0, '2026-02-07 23:58:02', '2026-02-07 23:58:02'),
(11, 3, 166, 4, 'a', 1, '2026-02-07 23:58:02', '2026-02-07 23:58:02'),
(12, 3, 167, 4, 'b', 1, '2026-02-07 23:58:02', '2026-02-07 23:58:02'),
(13, 3, 168, 4, 'c', 1, '2026-02-07 23:58:02', '2026-02-07 23:58:02'),
(14, 3, 169, 4, 'b', 1, '2026-02-07 23:58:02', '2026-02-07 23:58:02'),
(15, 3, 170, 4, 'a', 0, '2026-02-07 23:58:02', '2026-02-07 23:58:02'),
(16, 4, 121, 4, 'b', 1, '2026-02-07 23:58:02', '2026-02-07 23:58:02'),
(17, 4, 122, 4, 'c', 1, '2026-02-07 23:58:02', '2026-02-07 23:58:02'),
(18, 4, 123, 4, 'b', 1, '2026-02-07 23:58:02', '2026-02-07 23:58:02'),
(19, 4, 124, 4, 'b', 1, '2026-02-07 23:58:02', '2026-02-07 23:58:02'),
(20, 4, 125, 4, 'c', 0, '2026-02-07 23:58:02', '2026-02-07 23:58:02'),
(21, 5, 126, 4, 'b', 1, '2026-02-07 23:58:02', '2026-02-07 23:58:02'),
(22, 5, 127, 4, 'c', 1, '2026-02-07 23:58:02', '2026-02-07 23:58:02'),
(23, 5, 128, 4, 'b', 1, '2026-02-07 23:58:02', '2026-02-07 23:58:02'),
(24, 5, 129, 4, 'b', 1, '2026-02-07 23:58:02', '2026-02-07 23:58:02'),
(25, 5, 130, 4, 'a', 0, '2026-02-07 23:58:02', '2026-02-07 23:58:02'),
(26, 6, 131, 4, 'b', 1, '2026-02-07 23:58:02', '2026-02-07 23:58:02'),
(27, 6, 132, 4, 'c', 0, '2026-02-07 23:58:02', '2026-02-07 23:58:02'),
(28, 6, 133, 4, 'a', 0, '2026-02-07 23:58:02', '2026-02-07 23:58:02'),
(29, 6, 134, 4, 'd', 0, '2026-02-07 23:58:02', '2026-02-07 23:58:02'),
(30, 6, 135, 4, 'd', 0, '2026-02-07 23:58:02', '2026-02-07 23:58:02'),
(31, 7, 136, 4, 'b', 1, '2026-02-07 23:58:02', '2026-02-07 23:58:02'),
(32, 7, 137, 4, 'c', 1, '2026-02-07 23:58:02', '2026-02-07 23:58:02'),
(33, 7, 138, 4, 'c', 1, '2026-02-07 23:58:02', '2026-02-07 23:58:02'),
(34, 7, 139, 4, 'c', 1, '2026-02-07 23:58:02', '2026-02-07 23:58:02'),
(35, 7, 140, 4, 'd', 0, '2026-02-07 23:58:02', '2026-02-07 23:58:02'),
(36, 8, 141, 4, 'b', 1, '2026-02-07 23:58:02', '2026-02-07 23:58:02'),
(37, 8, 142, 4, 'c', 1, '2026-02-07 23:58:02', '2026-02-07 23:58:02'),
(38, 8, 143, 4, 'b', 1, '2026-02-07 23:58:02', '2026-02-07 23:58:02'),
(39, 8, 144, 4, 'b', 1, '2026-02-07 23:58:02', '2026-02-07 23:58:02'),
(40, 8, 145, 4, 'a', 0, '2026-02-07 23:58:02', '2026-02-07 23:58:02'),
(41, 9, 136, 5, 'b', 1, '2026-02-07 23:58:02', '2026-02-07 23:58:02'),
(42, 9, 137, 5, 'c', 1, '2026-02-07 23:58:02', '2026-02-07 23:58:02'),
(43, 9, 138, 5, 'c', 1, '2026-02-07 23:58:02', '2026-02-07 23:58:02'),
(44, 9, 139, 5, 'c', 1, '2026-02-07 23:58:02', '2026-02-07 23:58:02'),
(45, 9, 140, 5, 'a', 0, '2026-02-07 23:58:02', '2026-02-07 23:58:02'),
(46, 10, 141, 5, 'b', 1, '2026-02-07 23:58:02', '2026-02-07 23:58:02'),
(47, 10, 142, 5, 'c', 1, '2026-02-07 23:58:02', '2026-02-07 23:58:02'),
(48, 10, 143, 5, 'b', 1, '2026-02-07 23:58:02', '2026-02-07 23:58:02'),
(49, 10, 144, 5, 'b', 1, '2026-02-07 23:58:02', '2026-02-07 23:58:02'),
(50, 10, 145, 5, 'b', 1, '2026-02-07 23:58:02', '2026-02-07 23:58:02'),
(51, 11, 146, 5, 'b', 1, '2026-02-07 23:58:02', '2026-02-07 23:58:02'),
(52, 11, 147, 5, 'b', 1, '2026-02-07 23:58:02', '2026-02-07 23:58:02'),
(53, 11, 148, 5, 'b', 1, '2026-02-07 23:58:02', '2026-02-07 23:58:02'),
(54, 11, 149, 5, 'b', 1, '2026-02-07 23:58:02', '2026-02-07 23:58:02'),
(55, 11, 150, 5, 'b', 1, '2026-02-07 23:58:02', '2026-02-07 23:58:02'),
(56, 12, 151, 5, 'b', 1, '2026-02-07 23:58:02', '2026-02-07 23:58:02'),
(57, 12, 152, 5, 'b', 1, '2026-02-07 23:58:02', '2026-02-07 23:58:02'),
(58, 12, 153, 5, 'a', 0, '2026-02-07 23:58:02', '2026-02-07 23:58:02'),
(59, 12, 154, 5, 'd', 0, '2026-02-07 23:58:02', '2026-02-07 23:58:02'),
(60, 12, 155, 5, 'a', 0, '2026-02-07 23:58:02', '2026-02-07 23:58:02'),
(61, 13, 121, 5, 'b', 1, '2026-02-07 23:58:02', '2026-02-07 23:58:02'),
(62, 13, 122, 5, 'c', 1, '2026-02-07 23:58:02', '2026-02-07 23:58:02'),
(63, 13, 123, 5, 'b', 1, '2026-02-07 23:58:02', '2026-02-07 23:58:02'),
(64, 13, 124, 5, 'b', 1, '2026-02-07 23:58:02', '2026-02-07 23:58:02'),
(65, 13, 125, 5, 'c', 0, '2026-02-07 23:58:02', '2026-02-07 23:58:02'),
(66, 14, 126, 5, 'b', 1, '2026-02-07 23:58:02', '2026-02-07 23:58:02'),
(67, 14, 127, 5, 'c', 1, '2026-02-07 23:58:02', '2026-02-07 23:58:02'),
(68, 14, 128, 5, 'b', 1, '2026-02-07 23:58:02', '2026-02-07 23:58:02'),
(69, 14, 129, 5, 'b', 1, '2026-02-07 23:58:02', '2026-02-07 23:58:02'),
(70, 14, 130, 5, 'b', 1, '2026-02-07 23:58:02', '2026-02-07 23:58:02'),
(71, 15, 46, 5, 'c', 1, '2026-02-07 23:58:02', '2026-02-07 23:58:02'),
(72, 15, 47, 5, 'd', 1, '2026-02-07 23:58:02', '2026-02-07 23:58:02'),
(73, 15, 48, 5, 'd', 1, '2026-02-07 23:58:02', '2026-02-07 23:58:02'),
(74, 15, 49, 5, 'c', 1, '2026-02-07 23:58:02', '2026-02-07 23:58:02'),
(75, 15, 50, 5, 'b', 1, '2026-02-07 23:58:02', '2026-02-07 23:58:02'),
(76, 16, 101, 6, 'b', 1, '2026-02-07 23:58:02', '2026-02-07 23:58:02'),
(77, 16, 102, 6, 'c', 1, '2026-02-07 23:58:02', '2026-02-07 23:58:02'),
(78, 16, 103, 6, 'b', 1, '2026-02-07 23:58:02', '2026-02-07 23:58:02'),
(79, 16, 104, 6, 'b', 1, '2026-02-07 23:58:02', '2026-02-07 23:58:02'),
(80, 16, 105, 6, 'c', 1, '2026-02-07 23:58:02', '2026-02-07 23:58:02'),
(81, 17, 106, 6, 'c', 1, '2026-02-07 23:58:02', '2026-02-07 23:58:02'),
(82, 17, 107, 6, 'b', 1, '2026-02-07 23:58:02', '2026-02-07 23:58:02'),
(83, 17, 108, 6, 'b', 1, '2026-02-07 23:58:02', '2026-02-07 23:58:02'),
(84, 17, 109, 6, 'c', 1, '2026-02-07 23:58:02', '2026-02-07 23:58:02'),
(85, 17, 110, 6, 'd', 0, '2026-02-07 23:58:02', '2026-02-07 23:58:02'),
(86, 18, 111, 6, 'b', 1, '2026-02-07 23:58:02', '2026-02-07 23:58:02'),
(87, 18, 112, 6, 'c', 1, '2026-02-07 23:58:02', '2026-02-07 23:58:02'),
(88, 18, 113, 6, 'b', 1, '2026-02-07 23:58:02', '2026-02-07 23:58:02'),
(89, 18, 114, 6, 'c', 0, '2026-02-07 23:58:02', '2026-02-07 23:58:02'),
(90, 18, 115, 6, 'd', 0, '2026-02-07 23:58:02', '2026-02-07 23:58:02'),
(91, 19, 46, 6, 'c', 1, '2026-02-07 23:58:02', '2026-02-07 23:58:02'),
(92, 19, 47, 6, 'd', 1, '2026-02-07 23:58:02', '2026-02-07 23:58:02'),
(93, 19, 48, 6, 'd', 1, '2026-02-07 23:58:02', '2026-02-07 23:58:02'),
(94, 19, 49, 6, 'c', 1, '2026-02-07 23:58:02', '2026-02-07 23:58:02'),
(95, 19, 50, 6, 'b', 1, '2026-02-07 23:58:02', '2026-02-07 23:58:02'),
(96, 20, 51, 6, 'd', 1, '2026-02-07 23:58:02', '2026-02-07 23:58:02'),
(97, 20, 52, 6, 'b', 0, '2026-02-07 23:58:02', '2026-02-07 23:58:02'),
(98, 20, 53, 6, 'a', 0, '2026-02-07 23:58:02', '2026-02-07 23:58:02'),
(99, 20, 54, 6, 'b', 0, '2026-02-07 23:58:02', '2026-02-07 23:58:02'),
(100, 20, 55, 6, 'd', 0, '2026-02-07 23:58:02', '2026-02-07 23:58:02'),
(101, 21, 66, 6, 'b', 1, '2026-02-07 23:58:02', '2026-02-07 23:58:02'),
(102, 21, 67, 6, 'a', 1, '2026-02-07 23:58:02', '2026-02-07 23:58:02'),
(103, 21, 68, 6, 'c', 1, '2026-02-07 23:58:02', '2026-02-07 23:58:02'),
(104, 21, 69, 6, 'a', 1, '2026-02-07 23:58:02', '2026-02-07 23:58:02'),
(105, 21, 70, 6, 'b', 1, '2026-02-07 23:58:02', '2026-02-07 23:58:02'),
(106, 22, 71, 6, 'c', 1, '2026-02-07 23:58:02', '2026-02-07 23:58:02'),
(107, 22, 72, 6, 'b', 1, '2026-02-07 23:58:02', '2026-02-07 23:58:02'),
(108, 22, 73, 6, 'c', 1, '2026-02-07 23:58:02', '2026-02-07 23:58:02'),
(109, 22, 74, 6, 'b', 1, '2026-02-07 23:58:02', '2026-02-07 23:58:02'),
(110, 22, 75, 6, 'd', 0, '2026-02-07 23:58:02', '2026-02-07 23:58:02'),
(111, 23, 76, 6, 'b', 1, '2026-02-07 23:58:02', '2026-02-07 23:58:02'),
(112, 23, 77, 6, 'c', 1, '2026-02-07 23:58:02', '2026-02-07 23:58:02'),
(113, 23, 78, 6, 'b', 1, '2026-02-07 23:58:02', '2026-02-07 23:58:02'),
(114, 23, 79, 6, 'c', 1, '2026-02-07 23:58:02', '2026-02-07 23:58:02'),
(115, 23, 80, 6, 'd', 0, '2026-02-07 23:58:02', '2026-02-07 23:58:02'),
(116, 24, 81, 6, 'c', 1, '2026-02-07 23:58:02', '2026-02-07 23:58:02'),
(117, 24, 82, 6, 'c', 1, '2026-02-07 23:58:02', '2026-02-07 23:58:02'),
(118, 24, 83, 6, 'b', 1, '2026-02-07 23:58:02', '2026-02-07 23:58:02'),
(119, 24, 84, 6, 'c', 1, '2026-02-07 23:58:02', '2026-02-07 23:58:02'),
(120, 24, 85, 6, 'a', 0, '2026-02-07 23:58:02', '2026-02-07 23:58:02'),
(121, 25, 121, 6, 'b', 1, '2026-02-07 23:58:02', '2026-02-07 23:58:02'),
(122, 25, 122, 6, 'c', 1, '2026-02-07 23:58:02', '2026-02-07 23:58:02'),
(123, 25, 123, 6, 'b', 1, '2026-02-07 23:58:02', '2026-02-07 23:58:02'),
(124, 25, 124, 6, 'b', 1, '2026-02-07 23:58:02', '2026-02-07 23:58:02'),
(125, 25, 125, 6, 'b', 1, '2026-02-07 23:58:02', '2026-02-07 23:58:02'),
(126, 26, 126, 6, 'b', 1, '2026-02-07 23:58:02', '2026-02-07 23:58:02'),
(127, 26, 127, 6, 'c', 1, '2026-02-07 23:58:02', '2026-02-07 23:58:02'),
(128, 26, 128, 6, 'b', 1, '2026-02-07 23:58:02', '2026-02-07 23:58:02'),
(129, 26, 129, 6, 'b', 1, '2026-02-07 23:58:02', '2026-02-07 23:58:02'),
(130, 26, 130, 6, 'a', 0, '2026-02-07 23:58:02', '2026-02-07 23:58:02'),
(131, 27, 131, 6, 'b', 1, '2026-02-07 23:58:02', '2026-02-07 23:58:02'),
(132, 27, 132, 6, 'b', 1, '2026-02-07 23:58:02', '2026-02-07 23:58:02'),
(133, 27, 133, 6, 'b', 1, '2026-02-07 23:58:02', '2026-02-07 23:58:02'),
(134, 27, 134, 6, 'c', 0, '2026-02-07 23:58:02', '2026-02-07 23:58:02'),
(135, 27, 135, 6, 'c', 0, '2026-02-07 23:58:02', '2026-02-07 23:58:02'),
(136, 28, 156, 7, 'a', 1, '2026-02-07 23:58:02', '2026-02-07 23:58:02'),
(137, 28, 157, 7, 'b', 1, '2026-02-07 23:58:02', '2026-02-07 23:58:02'),
(138, 28, 158, 7, 'b', 1, '2026-02-07 23:58:02', '2026-02-07 23:58:02'),
(139, 28, 159, 7, 'c', 1, '2026-02-07 23:58:02', '2026-02-07 23:58:02'),
(140, 28, 160, 7, 'd', 0, '2026-02-07 23:58:02', '2026-02-07 23:58:02'),
(141, 29, 86, 7, 'b', 1, '2026-02-07 23:58:02', '2026-02-07 23:58:02'),
(142, 29, 87, 7, 'b', 1, '2026-02-07 23:58:02', '2026-02-07 23:58:02'),
(143, 29, 88, 7, 'c', 1, '2026-02-07 23:58:02', '2026-02-07 23:58:02'),
(144, 29, 89, 7, 'b', 1, '2026-02-07 23:58:02', '2026-02-07 23:58:02'),
(145, 29, 90, 7, 'a', 0, '2026-02-07 23:58:02', '2026-02-07 23:58:02'),
(146, 30, 91, 7, 'b', 1, '2026-02-07 23:58:02', '2026-02-07 23:58:02'),
(147, 30, 92, 7, 'b', 1, '2026-02-07 23:58:02', '2026-02-07 23:58:02'),
(148, 30, 93, 7, 'c', 1, '2026-02-07 23:58:02', '2026-02-07 23:58:02'),
(149, 30, 94, 7, 'b', 1, '2026-02-07 23:58:02', '2026-02-07 23:58:02'),
(150, 30, 95, 7, 'a', 0, '2026-02-07 23:58:02', '2026-02-07 23:58:02'),
(151, 31, 96, 7, 'b', 1, '2026-02-07 23:58:02', '2026-02-07 23:58:02'),
(152, 31, 97, 7, 'b', 1, '2026-02-07 23:58:02', '2026-02-07 23:58:02'),
(153, 31, 98, 7, 'b', 1, '2026-02-07 23:58:02', '2026-02-07 23:58:02'),
(154, 31, 99, 7, 'b', 1, '2026-02-07 23:58:02', '2026-02-07 23:58:02'),
(155, 31, 100, 7, 'b', 0, '2026-02-07 23:58:02', '2026-02-07 23:58:02'),
(156, 32, 171, 7, 'b', 1, '2026-02-07 23:58:02', '2026-02-07 23:58:02'),
(157, 32, 172, 7, 'c', 1, '2026-02-07 23:58:02', '2026-02-07 23:58:02'),
(158, 32, 173, 7, 'b', 1, '2026-02-07 23:58:02', '2026-02-07 23:58:02'),
(159, 32, 174, 7, 'b', 1, '2026-02-07 23:58:02', '2026-02-07 23:58:02'),
(160, 32, 175, 7, 'd', 0, '2026-02-07 23:58:02', '2026-02-07 23:58:02'),
(161, 33, 176, 7, 'b', 1, '2026-02-07 23:58:02', '2026-02-07 23:58:02'),
(162, 33, 177, 7, 'b', 1, '2026-02-07 23:58:02', '2026-02-07 23:58:02'),
(163, 33, 178, 7, 'b', 1, '2026-02-07 23:58:02', '2026-02-07 23:58:02'),
(164, 33, 179, 7, 'b', 1, '2026-02-07 23:58:02', '2026-02-07 23:58:02'),
(165, 33, 180, 7, 'd', 0, '2026-02-07 23:58:02', '2026-02-07 23:58:02'),
(166, 34, 181, 7, 'b', 1, '2026-02-07 23:58:02', '2026-02-07 23:58:02'),
(167, 34, 182, 7, 'b', 1, '2026-02-07 23:58:02', '2026-02-07 23:58:02'),
(168, 34, 183, 7, 'b', 1, '2026-02-07 23:58:02', '2026-02-07 23:58:02'),
(169, 34, 184, 7, 'a', 0, '2026-02-07 23:58:02', '2026-02-07 23:58:02'),
(170, 34, 185, 7, 'b', 0, '2026-02-07 23:58:02', '2026-02-07 23:58:02'),
(171, 35, 66, 7, 'b', 1, '2026-02-07 23:58:02', '2026-02-07 23:58:02'),
(172, 35, 67, 7, 'a', 1, '2026-02-07 23:58:02', '2026-02-07 23:58:02'),
(173, 35, 68, 7, 'c', 1, '2026-02-07 23:58:02', '2026-02-07 23:58:02'),
(174, 35, 69, 7, 'a', 1, '2026-02-07 23:58:02', '2026-02-07 23:58:02'),
(175, 35, 70, 7, 'b', 1, '2026-02-07 23:58:02', '2026-02-07 23:58:02'),
(176, 36, 71, 7, 'c', 1, '2026-02-07 23:58:02', '2026-02-07 23:58:02'),
(177, 36, 72, 7, 'b', 1, '2026-02-07 23:58:02', '2026-02-07 23:58:02'),
(178, 36, 73, 7, 'c', 1, '2026-02-07 23:58:02', '2026-02-07 23:58:02'),
(179, 36, 74, 7, 'b', 1, '2026-02-07 23:58:02', '2026-02-07 23:58:02'),
(180, 36, 75, 7, 'b', 1, '2026-02-07 23:58:02', '2026-02-07 23:58:02'),
(181, 37, 76, 7, 'b', 1, '2026-02-07 23:58:02', '2026-02-07 23:58:02'),
(182, 37, 77, 7, 'a', 0, '2026-02-07 23:58:02', '2026-02-07 23:58:02'),
(183, 37, 78, 7, 'c', 0, '2026-02-07 23:58:02', '2026-02-07 23:58:02'),
(184, 37, 79, 7, 'a', 0, '2026-02-07 23:58:02', '2026-02-07 23:58:02'),
(185, 37, 80, 7, 'd', 0, '2026-02-07 23:58:02', '2026-02-07 23:58:02'),
(186, 38, 101, 7, 'b', 1, '2026-02-07 23:58:02', '2026-02-07 23:58:02'),
(187, 38, 102, 7, 'c', 1, '2026-02-07 23:58:02', '2026-02-07 23:58:02'),
(188, 38, 103, 7, 'b', 1, '2026-02-07 23:58:02', '2026-02-07 23:58:02'),
(189, 38, 104, 7, 'b', 1, '2026-02-07 23:58:02', '2026-02-07 23:58:02'),
(190, 38, 105, 7, 'd', 0, '2026-02-07 23:58:02', '2026-02-07 23:58:02'),
(191, 39, 106, 7, 'c', 1, '2026-02-07 23:58:02', '2026-02-07 23:58:02'),
(192, 39, 107, 7, 'b', 1, '2026-02-07 23:58:02', '2026-02-07 23:58:02'),
(193, 39, 108, 7, 'b', 1, '2026-02-07 23:58:02', '2026-02-07 23:58:02'),
(194, 39, 109, 7, 'd', 0, '2026-02-07 23:58:02', '2026-02-07 23:58:02'),
(195, 39, 110, 7, 'a', 0, '2026-02-07 23:58:02', '2026-02-07 23:58:02'),
(196, 40, 121, 8, 'b', 1, '2026-02-07 23:58:02', '2026-02-07 23:58:02'),
(197, 40, 122, 8, 'c', 1, '2026-02-07 23:58:02', '2026-02-07 23:58:02'),
(198, 40, 123, 8, 'b', 1, '2026-02-07 23:58:02', '2026-02-07 23:58:02'),
(199, 40, 124, 8, 'b', 1, '2026-02-07 23:58:02', '2026-02-07 23:58:02'),
(200, 40, 125, 8, 'c', 0, '2026-02-07 23:58:02', '2026-02-07 23:58:02'),
(201, 41, 126, 8, 'b', 1, '2026-02-07 23:58:02', '2026-02-07 23:58:02'),
(202, 41, 127, 8, 'c', 1, '2026-02-07 23:58:02', '2026-02-07 23:58:02'),
(203, 41, 128, 8, 'b', 1, '2026-02-07 23:58:02', '2026-02-07 23:58:02'),
(204, 41, 129, 8, 'b', 1, '2026-02-07 23:58:02', '2026-02-07 23:58:02'),
(205, 41, 130, 8, 'b', 1, '2026-02-07 23:58:02', '2026-02-07 23:58:02'),
(206, 42, 131, 8, 'b', 1, '2026-02-07 23:58:02', '2026-02-07 23:58:02'),
(207, 42, 132, 8, 'b', 1, '2026-02-07 23:58:02', '2026-02-07 23:58:02'),
(208, 42, 133, 8, 'b', 1, '2026-02-07 23:58:02', '2026-02-07 23:58:02'),
(209, 42, 134, 8, 'b', 1, '2026-02-07 23:58:02', '2026-02-07 23:58:02'),
(210, 42, 135, 8, 'b', 1, '2026-02-07 23:58:02', '2026-02-07 23:58:02'),
(211, 43, 171, 8, 'b', 1, '2026-02-07 23:58:02', '2026-02-07 23:58:02'),
(212, 43, 172, 8, 'c', 1, '2026-02-07 23:58:02', '2026-02-07 23:58:02'),
(213, 43, 173, 8, 'b', 1, '2026-02-07 23:58:02', '2026-02-07 23:58:02'),
(214, 43, 174, 8, 'b', 1, '2026-02-07 23:58:02', '2026-02-07 23:58:02'),
(215, 43, 175, 8, 'b', 1, '2026-02-07 23:58:02', '2026-02-07 23:58:02'),
(216, 44, 176, 8, 'b', 1, '2026-02-07 23:58:02', '2026-02-07 23:58:02'),
(217, 44, 177, 8, 'b', 1, '2026-02-07 23:58:02', '2026-02-07 23:58:02'),
(218, 44, 178, 8, 'b', 1, '2026-02-07 23:58:02', '2026-02-07 23:58:02'),
(219, 44, 179, 8, 'b', 1, '2026-02-07 23:58:02', '2026-02-07 23:58:02'),
(220, 44, 180, 8, 'b', 1, '2026-02-07 23:58:02', '2026-02-07 23:58:02'),
(221, 45, 1, 8, 'a', 1, '2026-02-07 23:58:02', '2026-02-07 23:58:02'),
(222, 45, 2, 8, 'b', 1, '2026-02-07 23:58:02', '2026-02-07 23:58:02'),
(223, 45, 3, 8, 'c', 1, '2026-02-07 23:58:02', '2026-02-07 23:58:02'),
(224, 45, 4, 8, 'd', 1, '2026-02-07 23:58:02', '2026-02-07 23:58:02'),
(225, 45, 5, 8, 'a', 1, '2026-02-07 23:58:02', '2026-02-07 23:58:02'),
(226, 46, 6, 8, 'b', 1, '2026-02-07 23:58:02', '2026-02-07 23:58:02'),
(227, 46, 7, 8, 'c', 1, '2026-02-07 23:58:02', '2026-02-07 23:58:02'),
(228, 46, 8, 8, 'c', 1, '2026-02-07 23:58:02', '2026-02-07 23:58:02'),
(229, 46, 9, 8, 'b', 1, '2026-02-07 23:58:02', '2026-02-07 23:58:02'),
(230, 46, 10, 8, 'c', 1, '2026-02-07 23:58:02', '2026-02-07 23:58:02'),
(231, 47, 11, 8, 'c', 1, '2026-02-07 23:58:02', '2026-02-07 23:58:02'),
(232, 47, 12, 8, 'c', 1, '2026-02-07 23:58:02', '2026-02-07 23:58:02'),
(233, 47, 13, 8, 'b', 1, '2026-02-07 23:58:02', '2026-02-07 23:58:02'),
(234, 47, 14, 8, 'c', 1, '2026-02-07 23:58:02', '2026-02-07 23:58:02'),
(235, 47, 15, 8, 'c', 1, '2026-02-07 23:58:02', '2026-02-07 23:58:02'),
(236, 48, 66, 8, 'b', 1, '2026-02-07 23:58:03', '2026-02-07 23:58:03'),
(237, 48, 67, 8, 'a', 1, '2026-02-07 23:58:03', '2026-02-07 23:58:03'),
(238, 48, 68, 8, 'c', 1, '2026-02-07 23:58:03', '2026-02-07 23:58:03'),
(239, 48, 69, 8, 'a', 1, '2026-02-07 23:58:03', '2026-02-07 23:58:03'),
(240, 48, 70, 8, 'a', 0, '2026-02-07 23:58:03', '2026-02-07 23:58:03'),
(241, 49, 156, 8, 'a', 1, '2026-02-07 23:58:03', '2026-02-07 23:58:03'),
(242, 49, 157, 8, 'b', 1, '2026-02-07 23:58:03', '2026-02-07 23:58:03'),
(243, 49, 158, 8, 'b', 1, '2026-02-07 23:58:03', '2026-02-07 23:58:03'),
(244, 49, 159, 8, 'c', 1, '2026-02-07 23:58:03', '2026-02-07 23:58:03'),
(245, 49, 160, 8, 'c', 0, '2026-02-07 23:58:03', '2026-02-07 23:58:03'),
(246, 50, 161, 8, 'b', 1, '2026-02-07 23:58:03', '2026-02-07 23:58:03'),
(247, 50, 162, 8, 'b', 1, '2026-02-07 23:58:03', '2026-02-07 23:58:03'),
(248, 50, 163, 8, 'b', 1, '2026-02-07 23:58:03', '2026-02-07 23:58:03'),
(249, 50, 164, 8, 'b', 1, '2026-02-07 23:58:03', '2026-02-07 23:58:03'),
(250, 50, 165, 8, 'b', 1, '2026-02-07 23:58:03', '2026-02-07 23:58:03'),
(251, 51, 166, 8, 'a', 1, '2026-02-07 23:58:03', '2026-02-07 23:58:03'),
(252, 51, 167, 8, 'b', 1, '2026-02-07 23:58:03', '2026-02-07 23:58:03'),
(253, 51, 168, 8, 'c', 1, '2026-02-07 23:58:03', '2026-02-07 23:58:03'),
(254, 51, 169, 8, 'b', 1, '2026-02-07 23:58:03', '2026-02-07 23:58:03'),
(255, 51, 170, 8, 'c', 0, '2026-02-07 23:58:03', '2026-02-07 23:58:03'),
(256, 52, 171, 9, 'b', 1, '2026-02-07 23:58:03', '2026-02-07 23:58:03'),
(257, 52, 172, 9, 'c', 1, '2026-02-07 23:58:03', '2026-02-07 23:58:03'),
(258, 52, 173, 9, 'b', 1, '2026-02-07 23:58:03', '2026-02-07 23:58:03'),
(259, 52, 174, 9, 'b', 1, '2026-02-07 23:58:03', '2026-02-07 23:58:03'),
(260, 52, 175, 9, 'a', 0, '2026-02-07 23:58:03', '2026-02-07 23:58:03'),
(261, 53, 176, 9, 'b', 1, '2026-02-07 23:58:03', '2026-02-07 23:58:03'),
(262, 53, 177, 9, 'b', 1, '2026-02-07 23:58:03', '2026-02-07 23:58:03'),
(263, 53, 178, 9, 'b', 1, '2026-02-07 23:58:03', '2026-02-07 23:58:03'),
(264, 53, 179, 9, 'b', 1, '2026-02-07 23:58:03', '2026-02-07 23:58:03'),
(265, 53, 180, 9, 'b', 1, '2026-02-07 23:58:03', '2026-02-07 23:58:03'),
(266, 54, 181, 9, 'b', 1, '2026-02-07 23:58:03', '2026-02-07 23:58:03'),
(267, 54, 182, 9, 'b', 1, '2026-02-07 23:58:03', '2026-02-07 23:58:03'),
(268, 54, 183, 9, 'b', 1, '2026-02-07 23:58:03', '2026-02-07 23:58:03'),
(269, 54, 184, 9, 'b', 1, '2026-02-07 23:58:03', '2026-02-07 23:58:03'),
(270, 54, 185, 9, 'c', 1, '2026-02-07 23:58:03', '2026-02-07 23:58:03'),
(271, 55, 1, 9, 'a', 1, '2026-02-07 23:58:03', '2026-02-07 23:58:03'),
(272, 55, 2, 9, 'b', 1, '2026-02-07 23:58:03', '2026-02-07 23:58:03'),
(273, 55, 3, 9, 'c', 1, '2026-02-07 23:58:03', '2026-02-07 23:58:03'),
(274, 55, 4, 9, 'd', 1, '2026-02-07 23:58:03', '2026-02-07 23:58:03'),
(275, 55, 5, 9, 'a', 1, '2026-02-07 23:58:03', '2026-02-07 23:58:03'),
(276, 56, 6, 9, 'b', 1, '2026-02-07 23:58:03', '2026-02-07 23:58:03'),
(277, 56, 7, 9, 'c', 1, '2026-02-07 23:58:03', '2026-02-07 23:58:03'),
(278, 56, 8, 9, 'c', 1, '2026-02-07 23:58:03', '2026-02-07 23:58:03'),
(279, 56, 9, 9, 'b', 1, '2026-02-07 23:58:03', '2026-02-07 23:58:03'),
(280, 56, 10, 9, 'd', 0, '2026-02-07 23:58:03', '2026-02-07 23:58:03'),
(281, 57, 11, 9, 'c', 1, '2026-02-07 23:58:03', '2026-02-07 23:58:03'),
(282, 57, 12, 9, 'c', 1, '2026-02-07 23:58:03', '2026-02-07 23:58:03'),
(283, 57, 13, 9, 'b', 1, '2026-02-07 23:58:03', '2026-02-07 23:58:03'),
(284, 57, 14, 9, 'c', 1, '2026-02-07 23:58:03', '2026-02-07 23:58:03'),
(285, 57, 15, 9, 'c', 1, '2026-02-07 23:58:03', '2026-02-07 23:58:03'),
(286, 58, 16, 9, 'a', 1, '2026-02-07 23:58:03', '2026-02-07 23:58:03'),
(287, 58, 17, 9, 'c', 1, '2026-02-07 23:58:03', '2026-02-07 23:58:03'),
(288, 58, 18, 9, 'd', 1, '2026-02-07 23:58:03', '2026-02-07 23:58:03'),
(289, 58, 19, 9, 'b', 1, '2026-02-07 23:58:03', '2026-02-07 23:58:03'),
(290, 58, 20, 9, 'c', 1, '2026-02-07 23:58:03', '2026-02-07 23:58:03'),
(291, 59, 86, 9, 'b', 1, '2026-02-07 23:58:03', '2026-02-07 23:58:03'),
(292, 59, 87, 9, 'b', 1, '2026-02-07 23:58:03', '2026-02-07 23:58:03'),
(293, 59, 88, 9, 'c', 1, '2026-02-07 23:58:03', '2026-02-07 23:58:03'),
(294, 59, 89, 9, 'b', 1, '2026-02-07 23:58:03', '2026-02-07 23:58:03'),
(295, 59, 90, 9, 'b', 1, '2026-02-07 23:58:03', '2026-02-07 23:58:03'),
(296, 60, 91, 9, 'b', 1, '2026-02-07 23:58:03', '2026-02-07 23:58:03'),
(297, 60, 92, 9, 'b', 1, '2026-02-07 23:58:03', '2026-02-07 23:58:03'),
(298, 60, 93, 9, 'c', 1, '2026-02-07 23:58:03', '2026-02-07 23:58:03'),
(299, 60, 94, 9, 'b', 1, '2026-02-07 23:58:03', '2026-02-07 23:58:03'),
(300, 60, 95, 9, 'a', 0, '2026-02-07 23:58:03', '2026-02-07 23:58:03'),
(301, 61, 86, 10, 'b', 1, '2026-02-07 23:58:03', '2026-02-07 23:58:03'),
(302, 61, 87, 10, 'b', 1, '2026-02-07 23:58:03', '2026-02-07 23:58:03'),
(303, 61, 88, 10, 'c', 1, '2026-02-07 23:58:03', '2026-02-07 23:58:03'),
(304, 61, 89, 10, 'b', 1, '2026-02-07 23:58:03', '2026-02-07 23:58:03'),
(305, 61, 90, 10, 'b', 1, '2026-02-07 23:58:03', '2026-02-07 23:58:03'),
(306, 62, 91, 10, 'b', 1, '2026-02-07 23:58:03', '2026-02-07 23:58:03'),
(307, 62, 92, 10, 'b', 1, '2026-02-07 23:58:03', '2026-02-07 23:58:03'),
(308, 62, 93, 10, 'c', 1, '2026-02-07 23:58:03', '2026-02-07 23:58:03'),
(309, 62, 94, 10, 'b', 1, '2026-02-07 23:58:03', '2026-02-07 23:58:03'),
(310, 62, 95, 10, 'a', 0, '2026-02-07 23:58:03', '2026-02-07 23:58:03'),
(311, 63, 96, 10, 'b', 1, '2026-02-07 23:58:03', '2026-02-07 23:58:03'),
(312, 63, 97, 10, 'a', 0, '2026-02-07 23:58:03', '2026-02-07 23:58:03'),
(313, 63, 98, 10, 'c', 0, '2026-02-07 23:58:03', '2026-02-07 23:58:03'),
(314, 63, 99, 10, 'c', 0, '2026-02-07 23:58:03', '2026-02-07 23:58:03'),
(315, 63, 100, 10, 'd', 0, '2026-02-07 23:58:03', '2026-02-07 23:58:03'),
(316, 64, 26, 10, 'a', 1, '2026-02-07 23:58:03', '2026-02-07 23:58:03'),
(317, 64, 27, 10, 'c', 1, '2026-02-07 23:58:03', '2026-02-07 23:58:03'),
(318, 64, 28, 10, 'b', 1, '2026-02-07 23:58:03', '2026-02-07 23:58:03'),
(319, 64, 29, 10, 'c', 1, '2026-02-07 23:58:03', '2026-02-07 23:58:03'),
(320, 64, 30, 10, 'd', 1, '2026-02-07 23:58:03', '2026-02-07 23:58:03'),
(321, 65, 31, 10, 'a', 1, '2026-02-07 23:58:03', '2026-02-07 23:58:03'),
(322, 65, 32, 10, 'c', 1, '2026-02-07 23:58:03', '2026-02-07 23:58:03'),
(323, 65, 33, 10, 'b', 1, '2026-02-07 23:58:03', '2026-02-07 23:58:03'),
(324, 65, 34, 10, 'b', 1, '2026-02-07 23:58:03', '2026-02-07 23:58:03'),
(325, 65, 35, 10, 'c', 1, '2026-02-07 23:58:03', '2026-02-07 23:58:03'),
(326, 66, 66, 10, 'b', 1, '2026-02-07 23:58:03', '2026-02-07 23:58:03'),
(327, 66, 67, 10, 'a', 1, '2026-02-07 23:58:03', '2026-02-07 23:58:03'),
(328, 66, 68, 10, 'c', 1, '2026-02-07 23:58:03', '2026-02-07 23:58:03'),
(329, 66, 69, 10, 'a', 1, '2026-02-07 23:58:03', '2026-02-07 23:58:03'),
(330, 66, 70, 10, 'b', 1, '2026-02-07 23:58:03', '2026-02-07 23:58:03'),
(331, 67, 71, 10, 'c', 1, '2026-02-07 23:58:03', '2026-02-07 23:58:03'),
(332, 67, 72, 10, 'a', 0, '2026-02-07 23:58:03', '2026-02-07 23:58:03'),
(333, 67, 73, 10, 'b', 0, '2026-02-07 23:58:03', '2026-02-07 23:58:03'),
(334, 67, 74, 10, 'c', 0, '2026-02-07 23:58:03', '2026-02-07 23:58:03'),
(335, 67, 75, 10, 'a', 0, '2026-02-07 23:58:03', '2026-02-07 23:58:03'),
(336, 68, 171, 11, 'b', 1, '2026-02-07 23:58:03', '2026-02-07 23:58:03'),
(337, 68, 172, 11, 'c', 1, '2026-02-07 23:58:03', '2026-02-07 23:58:03'),
(338, 68, 173, 11, 'b', 1, '2026-02-07 23:58:03', '2026-02-07 23:58:03'),
(339, 68, 174, 11, 'b', 1, '2026-02-07 23:58:03', '2026-02-07 23:58:03'),
(340, 68, 175, 11, 'd', 0, '2026-02-07 23:58:03', '2026-02-07 23:58:03'),
(341, 69, 176, 11, 'b', 1, '2026-02-07 23:58:03', '2026-02-07 23:58:03'),
(342, 69, 177, 11, 'b', 1, '2026-02-07 23:58:03', '2026-02-07 23:58:03'),
(343, 69, 178, 11, 'b', 1, '2026-02-07 23:58:03', '2026-02-07 23:58:03'),
(344, 69, 179, 11, 'b', 1, '2026-02-07 23:58:03', '2026-02-07 23:58:03'),
(345, 69, 180, 11, 'a', 0, '2026-02-07 23:58:03', '2026-02-07 23:58:03'),
(346, 70, 86, 11, 'b', 1, '2026-02-07 23:58:03', '2026-02-07 23:58:03'),
(347, 70, 87, 11, 'b', 1, '2026-02-07 23:58:03', '2026-02-07 23:58:03'),
(348, 70, 88, 11, 'c', 1, '2026-02-07 23:58:03', '2026-02-07 23:58:03'),
(349, 70, 89, 11, 'b', 1, '2026-02-07 23:58:03', '2026-02-07 23:58:03'),
(350, 70, 90, 11, 'b', 1, '2026-02-07 23:58:03', '2026-02-07 23:58:03'),
(351, 71, 91, 11, 'b', 1, '2026-02-07 23:58:03', '2026-02-07 23:58:03'),
(352, 71, 92, 11, 'c', 0, '2026-02-07 23:58:03', '2026-02-07 23:58:03'),
(353, 71, 93, 11, 'a', 0, '2026-02-07 23:58:03', '2026-02-07 23:58:03'),
(354, 71, 94, 11, 'd', 0, '2026-02-07 23:58:03', '2026-02-07 23:58:03'),
(355, 71, 95, 11, 'a', 0, '2026-02-07 23:58:03', '2026-02-07 23:58:03'),
(356, 72, 136, 11, 'b', 1, '2026-02-07 23:58:03', '2026-02-07 23:58:03'),
(357, 72, 137, 11, 'c', 1, '2026-02-07 23:58:03', '2026-02-07 23:58:03'),
(358, 72, 138, 11, 'c', 1, '2026-02-07 23:58:03', '2026-02-07 23:58:03'),
(359, 72, 139, 11, 'c', 1, '2026-02-07 23:58:03', '2026-02-07 23:58:03'),
(360, 72, 140, 11, 'c', 0, '2026-02-07 23:58:03', '2026-02-07 23:58:03'),
(361, 73, 141, 11, 'b', 1, '2026-02-07 23:58:03', '2026-02-07 23:58:03'),
(362, 73, 142, 11, 'c', 1, '2026-02-07 23:58:03', '2026-02-07 23:58:03'),
(363, 73, 143, 11, 'b', 1, '2026-02-07 23:58:03', '2026-02-07 23:58:03'),
(364, 73, 144, 11, 'b', 1, '2026-02-07 23:58:03', '2026-02-07 23:58:03'),
(365, 73, 145, 11, 'a', 0, '2026-02-07 23:58:03', '2026-02-07 23:58:03'),
(366, 74, 146, 11, 'b', 1, '2026-02-07 23:58:03', '2026-02-07 23:58:03'),
(367, 74, 147, 11, 'b', 1, '2026-02-07 23:58:03', '2026-02-07 23:58:03'),
(368, 74, 148, 11, 'b', 1, '2026-02-07 23:58:03', '2026-02-07 23:58:03'),
(369, 74, 149, 11, 'b', 1, '2026-02-07 23:58:03', '2026-02-07 23:58:03'),
(370, 74, 150, 11, 'c', 0, '2026-02-07 23:58:03', '2026-02-07 23:58:03'),
(371, 75, 151, 11, 'b', 1, '2026-02-07 23:58:03', '2026-02-07 23:58:03'),
(372, 75, 152, 11, 'b', 1, '2026-02-07 23:58:03', '2026-02-07 23:58:03'),
(373, 75, 153, 11, 'b', 1, '2026-02-07 23:58:03', '2026-02-07 23:58:03'),
(374, 75, 154, 11, 'b', 1, '2026-02-07 23:58:03', '2026-02-07 23:58:03'),
(375, 75, 155, 11, 'b', 1, '2026-02-07 23:58:03', '2026-02-07 23:58:03'),
(376, 76, 46, 11, 'c', 1, '2026-02-07 23:58:03', '2026-02-07 23:58:03'),
(377, 76, 47, 11, 'd', 1, '2026-02-07 23:58:03', '2026-02-07 23:58:03'),
(378, 76, 48, 11, 'd', 1, '2026-02-07 23:58:03', '2026-02-07 23:58:03'),
(379, 76, 49, 11, 'c', 1, '2026-02-07 23:58:03', '2026-02-07 23:58:03'),
(380, 76, 50, 11, 'd', 0, '2026-02-07 23:58:03', '2026-02-07 23:58:03'),
(381, 77, 51, 11, 'd', 1, '2026-02-07 23:58:03', '2026-02-07 23:58:03'),
(382, 77, 52, 11, 'c', 1, '2026-02-07 23:58:03', '2026-02-07 23:58:03'),
(383, 77, 53, 11, 'b', 1, '2026-02-07 23:58:03', '2026-02-07 23:58:03'),
(384, 77, 54, 11, 'd', 1, '2026-02-07 23:58:03', '2026-02-07 23:58:03'),
(385, 77, 55, 11, 'b', 1, '2026-02-07 23:58:03', '2026-02-07 23:58:03'),
(386, 78, 56, 11, 'b', 1, '2026-02-07 23:58:03', '2026-02-07 23:58:03'),
(387, 78, 57, 11, 'b', 1, '2026-02-07 23:58:03', '2026-02-07 23:58:03'),
(388, 78, 58, 11, 'c', 1, '2026-02-07 23:58:03', '2026-02-07 23:58:03'),
(389, 78, 59, 11, 'c', 1, '2026-02-07 23:58:03', '2026-02-07 23:58:03'),
(390, 78, 60, 11, 'c', 0, '2026-02-07 23:58:03', '2026-02-07 23:58:03'),
(391, 79, 136, 12, 'b', 1, '2026-02-07 23:58:03', '2026-02-07 23:58:03'),
(392, 79, 137, 12, 'c', 1, '2026-02-07 23:58:03', '2026-02-07 23:58:03'),
(393, 79, 138, 12, 'c', 1, '2026-02-07 23:58:03', '2026-02-07 23:58:03'),
(394, 79, 139, 12, 'c', 1, '2026-02-07 23:58:03', '2026-02-07 23:58:03'),
(395, 79, 140, 12, 'b', 1, '2026-02-07 23:58:03', '2026-02-07 23:58:03'),
(396, 80, 141, 12, 'b', 1, '2026-02-07 23:58:03', '2026-02-07 23:58:03'),
(397, 80, 142, 12, 'b', 0, '2026-02-07 23:58:03', '2026-02-07 23:58:03'),
(398, 80, 143, 12, 'a', 0, '2026-02-07 23:58:03', '2026-02-07 23:58:03'),
(399, 80, 144, 12, 'd', 0, '2026-02-07 23:58:03', '2026-02-07 23:58:03'),
(400, 80, 145, 12, 'a', 0, '2026-02-07 23:58:03', '2026-02-07 23:58:03'),
(401, 81, 86, 12, 'b', 1, '2026-02-07 23:58:03', '2026-02-07 23:58:03'),
(402, 81, 87, 12, 'b', 1, '2026-02-07 23:58:03', '2026-02-07 23:58:03'),
(403, 81, 88, 12, 'c', 1, '2026-02-07 23:58:03', '2026-02-07 23:58:03'),
(404, 81, 89, 12, 'b', 1, '2026-02-07 23:58:03', '2026-02-07 23:58:03'),
(405, 81, 90, 12, 'd', 0, '2026-02-07 23:58:03', '2026-02-07 23:58:03'),
(406, 82, 91, 12, 'b', 1, '2026-02-07 23:58:03', '2026-02-07 23:58:03'),
(407, 82, 92, 12, 'b', 1, '2026-02-07 23:58:03', '2026-02-07 23:58:03'),
(408, 82, 93, 12, 'c', 1, '2026-02-07 23:58:03', '2026-02-07 23:58:03'),
(409, 82, 94, 12, 'b', 1, '2026-02-07 23:58:03', '2026-02-07 23:58:03'),
(410, 82, 95, 12, 'd', 0, '2026-02-07 23:58:03', '2026-02-07 23:58:03'),
(411, 83, 96, 12, 'b', 1, '2026-02-07 23:58:03', '2026-02-07 23:58:03'),
(412, 83, 97, 12, 'b', 1, '2026-02-07 23:58:03', '2026-02-07 23:58:03'),
(413, 83, 98, 12, 'b', 1, '2026-02-07 23:58:03', '2026-02-07 23:58:03'),
(414, 83, 99, 12, 'b', 1, '2026-02-07 23:58:03', '2026-02-07 23:58:03'),
(415, 83, 100, 12, 'd', 0, '2026-02-07 23:58:03', '2026-02-07 23:58:03'),
(416, 84, 156, 12, 'a', 1, '2026-02-07 23:58:03', '2026-02-07 23:58:03'),
(417, 84, 157, 12, 'b', 1, '2026-02-07 23:58:03', '2026-02-07 23:58:03'),
(418, 84, 158, 12, 'b', 1, '2026-02-07 23:58:03', '2026-02-07 23:58:03'),
(419, 84, 159, 12, 'c', 1, '2026-02-07 23:58:03', '2026-02-07 23:58:03'),
(420, 84, 160, 12, 'b', 1, '2026-02-07 23:58:03', '2026-02-07 23:58:03'),
(421, 85, 161, 12, 'b', 1, '2026-02-07 23:58:03', '2026-02-07 23:58:03'),
(422, 85, 162, 12, 'b', 1, '2026-02-07 23:58:03', '2026-02-07 23:58:03'),
(423, 85, 163, 12, 'b', 1, '2026-02-07 23:58:03', '2026-02-07 23:58:03'),
(424, 85, 164, 12, 'b', 1, '2026-02-07 23:58:03', '2026-02-07 23:58:03'),
(425, 85, 165, 12, 'b', 1, '2026-02-07 23:58:03', '2026-02-07 23:58:03'),
(426, 86, 166, 12, 'b', 0, '2026-02-07 23:58:03', '2026-02-07 23:58:03'),
(427, 86, 167, 12, 'c', 0, '2026-02-07 23:58:03', '2026-02-07 23:58:03'),
(428, 86, 168, 12, 'a', 0, '2026-02-07 23:58:03', '2026-02-07 23:58:03'),
(429, 86, 169, 12, 'd', 0, '2026-02-07 23:58:03', '2026-02-07 23:58:03'),
(430, 86, 170, 12, 'd', 0, '2026-02-07 23:58:03', '2026-02-07 23:58:03'),
(431, 87, 66, 12, 'b', 1, '2026-02-07 23:58:03', '2026-02-07 23:58:03'),
(432, 87, 67, 12, 'a', 1, '2026-02-07 23:58:03', '2026-02-07 23:58:03'),
(433, 87, 68, 12, 'c', 1, '2026-02-07 23:58:03', '2026-02-07 23:58:03'),
(434, 87, 69, 12, 'a', 1, '2026-02-07 23:58:03', '2026-02-07 23:58:03'),
(435, 87, 70, 12, 'c', 0, '2026-02-07 23:58:03', '2026-02-07 23:58:03'),
(436, 88, 71, 12, 'c', 1, '2026-02-07 23:58:03', '2026-02-07 23:58:03'),
(437, 88, 72, 12, 'b', 1, '2026-02-07 23:58:03', '2026-02-07 23:58:03'),
(438, 88, 73, 12, 'c', 1, '2026-02-07 23:58:03', '2026-02-07 23:58:03'),
(439, 88, 74, 12, 'b', 1, '2026-02-07 23:58:03', '2026-02-07 23:58:03'),
(440, 88, 75, 12, 'b', 1, '2026-02-07 23:58:03', '2026-02-07 23:58:03'),
(441, 89, 26, 12, 'a', 1, '2026-02-07 23:58:03', '2026-02-07 23:58:03'),
(442, 89, 27, 12, 'c', 1, '2026-02-07 23:58:03', '2026-02-07 23:58:03'),
(443, 89, 28, 12, 'b', 1, '2026-02-07 23:58:03', '2026-02-07 23:58:03'),
(444, 89, 29, 12, 'c', 1, '2026-02-07 23:58:03', '2026-02-07 23:58:03'),
(445, 89, 30, 12, 'd', 1, '2026-02-07 23:58:03', '2026-02-07 23:58:03'),
(446, 90, 31, 12, 'a', 1, '2026-02-07 23:58:03', '2026-02-07 23:58:03'),
(447, 90, 32, 12, 'c', 1, '2026-02-07 23:58:03', '2026-02-07 23:58:03'),
(448, 90, 33, 12, 'b', 1, '2026-02-07 23:58:03', '2026-02-07 23:58:03'),
(449, 90, 34, 12, 'a', 0, '2026-02-07 23:58:03', '2026-02-07 23:58:03'),
(450, 90, 35, 12, 'a', 0, '2026-02-07 23:58:03', '2026-02-07 23:58:03'),
(451, 91, 121, 13, 'b', 1, '2026-02-07 23:58:03', '2026-02-07 23:58:03'),
(452, 91, 122, 13, 'c', 1, '2026-02-07 23:58:03', '2026-02-07 23:58:03'),
(453, 91, 123, 13, 'b', 1, '2026-02-07 23:58:03', '2026-02-07 23:58:03'),
(454, 91, 124, 13, 'b', 1, '2026-02-07 23:58:03', '2026-02-07 23:58:03'),
(455, 91, 125, 13, 'a', 0, '2026-02-07 23:58:03', '2026-02-07 23:58:03'),
(456, 92, 126, 13, 'b', 1, '2026-02-07 23:58:03', '2026-02-07 23:58:03'),
(457, 92, 127, 13, 'c', 1, '2026-02-07 23:58:03', '2026-02-07 23:58:03'),
(458, 92, 128, 13, 'b', 1, '2026-02-07 23:58:03', '2026-02-07 23:58:03'),
(459, 92, 129, 13, 'b', 1, '2026-02-07 23:58:03', '2026-02-07 23:58:03'),
(460, 92, 130, 13, 'b', 1, '2026-02-07 23:58:03', '2026-02-07 23:58:03'),
(461, 93, 131, 13, 'b', 1, '2026-02-07 23:58:03', '2026-02-07 23:58:03'),
(462, 93, 132, 13, 'b', 1, '2026-02-07 23:58:03', '2026-02-07 23:58:03'),
(463, 93, 133, 13, 'b', 1, '2026-02-07 23:58:03', '2026-02-07 23:58:03'),
(464, 93, 134, 13, 'b', 1, '2026-02-07 23:58:03', '2026-02-07 23:58:03'),
(465, 93, 135, 13, 'b', 1, '2026-02-07 23:58:03', '2026-02-07 23:58:03'),
(466, 94, 136, 13, 'b', 1, '2026-02-07 23:58:03', '2026-02-07 23:58:03'),
(467, 94, 137, 13, 'c', 1, '2026-02-07 23:58:03', '2026-02-07 23:58:03'),
(468, 94, 138, 13, 'c', 1, '2026-02-07 23:58:03', '2026-02-07 23:58:03'),
(469, 94, 139, 13, 'c', 1, '2026-02-07 23:58:03', '2026-02-07 23:58:03'),
(470, 94, 140, 13, 'b', 1, '2026-02-07 23:58:03', '2026-02-07 23:58:03'),
(471, 95, 141, 13, 'b', 1, '2026-02-07 23:58:03', '2026-02-07 23:58:03'),
(472, 95, 142, 13, 'c', 1, '2026-02-07 23:58:03', '2026-02-07 23:58:03'),
(473, 95, 143, 13, 'b', 1, '2026-02-07 23:58:03', '2026-02-07 23:58:03'),
(474, 95, 144, 13, 'b', 1, '2026-02-07 23:58:03', '2026-02-07 23:58:03'),
(475, 95, 145, 13, 'a', 0, '2026-02-07 23:58:03', '2026-02-07 23:58:03'),
(476, 96, 146, 13, 'b', 1, '2026-02-07 23:58:03', '2026-02-07 23:58:03'),
(477, 96, 147, 13, 'b', 1, '2026-02-07 23:58:03', '2026-02-07 23:58:03'),
(478, 96, 148, 13, 'b', 1, '2026-02-07 23:58:03', '2026-02-07 23:58:03'),
(479, 96, 149, 13, 'b', 1, '2026-02-07 23:58:03', '2026-02-07 23:58:03'),
(480, 96, 150, 13, 'c', 0, '2026-02-07 23:58:03', '2026-02-07 23:58:03'),
(481, 97, 46, 13, 'c', 1, '2026-02-07 23:58:03', '2026-02-07 23:58:03'),
(482, 97, 47, 13, 'd', 1, '2026-02-07 23:58:03', '2026-02-07 23:58:03'),
(483, 97, 48, 13, 'd', 1, '2026-02-07 23:58:03', '2026-02-07 23:58:03'),
(484, 97, 49, 13, 'c', 1, '2026-02-07 23:58:03', '2026-02-07 23:58:03'),
(485, 97, 50, 13, 'd', 0, '2026-02-07 23:58:03', '2026-02-07 23:58:03'),
(486, 98, 51, 13, 'd', 1, '2026-02-07 23:58:03', '2026-02-07 23:58:03'),
(487, 98, 52, 13, 'c', 1, '2026-02-07 23:58:03', '2026-02-07 23:58:03'),
(488, 98, 53, 13, 'b', 1, '2026-02-07 23:58:03', '2026-02-07 23:58:03'),
(489, 98, 54, 13, 'd', 1, '2026-02-07 23:58:03', '2026-02-07 23:58:03'),
(490, 98, 55, 13, 'a', 0, '2026-02-07 23:58:03', '2026-02-07 23:58:03'),
(491, 99, 101, 13, 'b', 1, '2026-02-07 23:58:03', '2026-02-07 23:58:03'),
(492, 99, 102, 13, 'c', 1, '2026-02-07 23:58:03', '2026-02-07 23:58:03'),
(493, 99, 103, 13, 'b', 1, '2026-02-07 23:58:03', '2026-02-07 23:58:03'),
(494, 99, 104, 13, 'b', 1, '2026-02-07 23:58:03', '2026-02-07 23:58:03'),
(495, 99, 105, 13, 'c', 1, '2026-02-07 23:58:03', '2026-02-07 23:58:03'),
(496, 100, 156, 13, 'a', 1, '2026-02-07 23:58:03', '2026-02-07 23:58:03'),
(497, 100, 157, 13, 'b', 1, '2026-02-07 23:58:03', '2026-02-07 23:58:03'),
(498, 100, 158, 13, 'b', 1, '2026-02-07 23:58:03', '2026-02-07 23:58:03'),
(499, 100, 159, 13, 'c', 1, '2026-02-07 23:58:03', '2026-02-07 23:58:03'),
(500, 100, 160, 13, 'c', 0, '2026-02-07 23:58:03', '2026-02-07 23:58:03'),
(501, 101, 161, 13, 'b', 1, '2026-02-07 23:58:03', '2026-02-07 23:58:03'),
(502, 101, 162, 13, 'b', 1, '2026-02-07 23:58:03', '2026-02-07 23:58:03'),
(503, 101, 163, 13, 'b', 1, '2026-02-07 23:58:03', '2026-02-07 23:58:03'),
(504, 101, 164, 13, 'b', 1, '2026-02-07 23:58:03', '2026-02-07 23:58:03'),
(505, 101, 165, 13, 'd', 0, '2026-02-07 23:58:03', '2026-02-07 23:58:03'),
(506, 102, 166, 13, 'a', 1, '2026-02-07 23:58:03', '2026-02-07 23:58:03'),
(507, 102, 167, 13, 'b', 1, '2026-02-07 23:58:03', '2026-02-07 23:58:03'),
(508, 102, 168, 13, 'c', 1, '2026-02-07 23:58:03', '2026-02-07 23:58:03'),
(509, 102, 169, 13, 'b', 1, '2026-02-07 23:58:03', '2026-02-07 23:58:03'),
(510, 102, 170, 13, 'a', 0, '2026-02-07 23:58:03', '2026-02-07 23:58:03'),
(511, 103, 26, 14, 'a', 1, '2026-02-07 23:58:03', '2026-02-07 23:58:03'),
(512, 103, 27, 14, 'c', 1, '2026-02-07 23:58:03', '2026-02-07 23:58:03'),
(513, 103, 28, 14, 'b', 1, '2026-02-07 23:58:03', '2026-02-07 23:58:03'),
(514, 103, 29, 14, 'c', 1, '2026-02-07 23:58:03', '2026-02-07 23:58:03'),
(515, 103, 30, 14, 'c', 0, '2026-02-07 23:58:03', '2026-02-07 23:58:03'),
(516, 104, 31, 14, 'a', 1, '2026-02-07 23:58:03', '2026-02-07 23:58:03'),
(517, 104, 32, 14, 'c', 1, '2026-02-07 23:58:03', '2026-02-07 23:58:03'),
(518, 104, 33, 14, 'b', 1, '2026-02-07 23:58:03', '2026-02-07 23:58:03'),
(519, 104, 34, 14, 'b', 1, '2026-02-07 23:58:03', '2026-02-07 23:58:03'),
(520, 104, 35, 14, 'c', 1, '2026-02-07 23:58:04', '2026-02-07 23:58:04'),
(521, 105, 36, 14, 'b', 1, '2026-02-07 23:58:04', '2026-02-07 23:58:04'),
(522, 105, 37, 14, 'c', 1, '2026-02-07 23:58:04', '2026-02-07 23:58:04'),
(523, 105, 38, 14, 'd', 1, '2026-02-07 23:58:04', '2026-02-07 23:58:04'),
(524, 105, 39, 14, 'c', 1, '2026-02-07 23:58:04', '2026-02-07 23:58:04'),
(525, 105, 40, 14, 'd', 0, '2026-02-07 23:58:04', '2026-02-07 23:58:04'),
(526, 106, 41, 14, 'c', 1, '2026-02-07 23:58:04', '2026-02-07 23:58:04'),
(527, 106, 42, 14, 'a', 1, '2026-02-07 23:58:04', '2026-02-07 23:58:04'),
(528, 106, 43, 14, 'b', 1, '2026-02-07 23:58:04', '2026-02-07 23:58:04'),
(529, 106, 44, 14, 'c', 1, '2026-02-07 23:58:04', '2026-02-07 23:58:04'),
(530, 106, 45, 14, 'c', 1, '2026-02-07 23:58:04', '2026-02-07 23:58:04'),
(531, 107, 66, 14, 'b', 1, '2026-02-07 23:58:04', '2026-02-07 23:58:04'),
(532, 107, 67, 14, 'a', 1, '2026-02-07 23:58:04', '2026-02-07 23:58:04'),
(533, 107, 68, 14, 'c', 1, '2026-02-07 23:58:04', '2026-02-07 23:58:04'),
(534, 107, 69, 14, 'a', 1, '2026-02-07 23:58:04', '2026-02-07 23:58:04'),
(535, 107, 70, 14, 'b', 1, '2026-02-07 23:58:04', '2026-02-07 23:58:04'),
(536, 108, 71, 14, 'c', 1, '2026-02-07 23:58:04', '2026-02-07 23:58:04'),
(537, 108, 72, 14, 'b', 1, '2026-02-07 23:58:04', '2026-02-07 23:58:04'),
(538, 108, 73, 14, 'c', 1, '2026-02-07 23:58:04', '2026-02-07 23:58:04'),
(539, 108, 74, 14, 'b', 1, '2026-02-07 23:58:04', '2026-02-07 23:58:04'),
(540, 108, 75, 14, 'b', 1, '2026-02-07 23:58:04', '2026-02-07 23:58:04'),
(541, 109, 76, 14, 'b', 1, '2026-02-07 23:58:04', '2026-02-07 23:58:04'),
(542, 109, 77, 14, 'c', 1, '2026-02-07 23:58:04', '2026-02-07 23:58:04'),
(543, 109, 78, 14, 'b', 1, '2026-02-07 23:58:04', '2026-02-07 23:58:04'),
(544, 109, 79, 14, 'c', 1, '2026-02-07 23:58:04', '2026-02-07 23:58:04'),
(545, 109, 80, 14, 'd', 0, '2026-02-07 23:58:04', '2026-02-07 23:58:04'),
(546, 110, 136, 14, 'b', 1, '2026-02-07 23:58:04', '2026-02-07 23:58:04'),
(547, 110, 137, 14, 'c', 1, '2026-02-07 23:58:04', '2026-02-07 23:58:04'),
(548, 110, 138, 14, 'c', 1, '2026-02-07 23:58:04', '2026-02-07 23:58:04'),
(549, 110, 139, 14, 'c', 1, '2026-02-07 23:58:04', '2026-02-07 23:58:04'),
(550, 110, 140, 14, 'c', 0, '2026-02-07 23:58:04', '2026-02-07 23:58:04'),
(551, 111, 141, 14, 'b', 1, '2026-02-07 23:58:04', '2026-02-07 23:58:04'),
(552, 111, 142, 14, 'c', 1, '2026-02-07 23:58:04', '2026-02-07 23:58:04'),
(553, 111, 143, 14, 'b', 1, '2026-02-07 23:58:04', '2026-02-07 23:58:04'),
(554, 111, 144, 14, 'b', 1, '2026-02-07 23:58:04', '2026-02-07 23:58:04'),
(555, 111, 145, 14, 'b', 1, '2026-02-07 23:58:04', '2026-02-07 23:58:04'),
(556, 112, 66, 15, 'b', 1, '2026-02-07 23:58:04', '2026-02-07 23:58:04'),
(557, 112, 67, 15, 'a', 1, '2026-02-07 23:58:04', '2026-02-07 23:58:04'),
(558, 112, 68, 15, 'c', 1, '2026-02-07 23:58:04', '2026-02-07 23:58:04'),
(559, 112, 69, 15, 'a', 1, '2026-02-07 23:58:04', '2026-02-07 23:58:04'),
(560, 112, 70, 15, 'd', 0, '2026-02-07 23:58:04', '2026-02-07 23:58:04'),
(561, 113, 71, 15, 'c', 1, '2026-02-07 23:58:04', '2026-02-07 23:58:04'),
(562, 113, 72, 15, 'b', 1, '2026-02-07 23:58:04', '2026-02-07 23:58:04'),
(563, 113, 73, 15, 'c', 1, '2026-02-07 23:58:04', '2026-02-07 23:58:04'),
(564, 113, 74, 15, 'b', 1, '2026-02-07 23:58:04', '2026-02-07 23:58:04'),
(565, 113, 75, 15, 'b', 1, '2026-02-07 23:58:04', '2026-02-07 23:58:04'),
(566, 114, 76, 15, 'b', 1, '2026-02-07 23:58:04', '2026-02-07 23:58:04'),
(567, 114, 77, 15, 'c', 1, '2026-02-07 23:58:04', '2026-02-07 23:58:04'),
(568, 114, 78, 15, 'b', 1, '2026-02-07 23:58:04', '2026-02-07 23:58:04'),
(569, 114, 79, 15, 'c', 1, '2026-02-07 23:58:04', '2026-02-07 23:58:04'),
(570, 114, 80, 15, 'a', 0, '2026-02-07 23:58:04', '2026-02-07 23:58:04'),
(571, 115, 81, 15, 'c', 1, '2026-02-07 23:58:04', '2026-02-07 23:58:04'),
(572, 115, 82, 15, 'c', 1, '2026-02-07 23:58:04', '2026-02-07 23:58:04'),
(573, 115, 83, 15, 'a', 0, '2026-02-07 23:58:04', '2026-02-07 23:58:04'),
(574, 115, 84, 15, 'a', 0, '2026-02-07 23:58:04', '2026-02-07 23:58:04'),
(575, 115, 85, 15, 'a', 0, '2026-02-07 23:58:04', '2026-02-07 23:58:04'),
(576, 116, 101, 15, 'b', 1, '2026-02-07 23:58:04', '2026-02-07 23:58:04'),
(577, 116, 102, 15, 'c', 1, '2026-02-07 23:58:04', '2026-02-07 23:58:04'),
(578, 116, 103, 15, 'b', 1, '2026-02-07 23:58:04', '2026-02-07 23:58:04'),
(579, 116, 104, 15, 'b', 1, '2026-02-07 23:58:04', '2026-02-07 23:58:04'),
(580, 116, 105, 15, 'b', 0, '2026-02-07 23:58:04', '2026-02-07 23:58:04'),
(581, 117, 106, 15, 'c', 1, '2026-02-07 23:58:04', '2026-02-07 23:58:04'),
(582, 117, 107, 15, 'b', 1, '2026-02-07 23:58:04', '2026-02-07 23:58:04'),
(583, 117, 108, 15, 'b', 1, '2026-02-07 23:58:04', '2026-02-07 23:58:04'),
(584, 117, 109, 15, 'c', 1, '2026-02-07 23:58:04', '2026-02-07 23:58:04'),
(585, 117, 110, 15, 'd', 0, '2026-02-07 23:58:04', '2026-02-07 23:58:04'),
(586, 118, 26, 15, 'a', 1, '2026-02-07 23:58:04', '2026-02-07 23:58:04'),
(587, 118, 27, 15, 'c', 1, '2026-02-07 23:58:04', '2026-02-07 23:58:04'),
(588, 118, 28, 15, 'b', 1, '2026-02-07 23:58:04', '2026-02-07 23:58:04'),
(589, 118, 29, 15, 'c', 1, '2026-02-07 23:58:04', '2026-02-07 23:58:04'),
(590, 118, 30, 15, 'd', 1, '2026-02-07 23:58:04', '2026-02-07 23:58:04'),
(591, 119, 86, 16, 'b', 1, '2026-02-07 23:58:04', '2026-02-07 23:58:04'),
(592, 119, 87, 16, 'b', 1, '2026-02-07 23:58:04', '2026-02-07 23:58:04'),
(593, 119, 88, 16, 'c', 1, '2026-02-07 23:58:04', '2026-02-07 23:58:04'),
(594, 119, 89, 16, 'b', 1, '2026-02-07 23:58:04', '2026-02-07 23:58:04'),
(595, 119, 90, 16, 'b', 1, '2026-02-07 23:58:04', '2026-02-07 23:58:04'),
(596, 120, 91, 16, 'b', 1, '2026-02-07 23:58:04', '2026-02-07 23:58:04'),
(597, 120, 92, 16, 'b', 1, '2026-02-07 23:58:04', '2026-02-07 23:58:04'),
(598, 120, 93, 16, 'c', 1, '2026-02-07 23:58:04', '2026-02-07 23:58:04'),
(599, 120, 94, 16, 'b', 1, '2026-02-07 23:58:04', '2026-02-07 23:58:04'),
(600, 120, 95, 16, 'a', 0, '2026-02-07 23:58:04', '2026-02-07 23:58:04'),
(601, 121, 136, 16, 'b', 1, '2026-02-07 23:58:04', '2026-02-07 23:58:04'),
(602, 121, 137, 16, 'c', 1, '2026-02-07 23:58:04', '2026-02-07 23:58:04'),
(603, 121, 138, 16, 'c', 1, '2026-02-07 23:58:04', '2026-02-07 23:58:04'),
(604, 121, 139, 16, 'c', 1, '2026-02-07 23:58:04', '2026-02-07 23:58:04'),
(605, 121, 140, 16, 'b', 1, '2026-02-07 23:58:04', '2026-02-07 23:58:04'),
(606, 122, 141, 16, 'a', 0, '2026-02-07 23:58:04', '2026-02-07 23:58:04'),
(607, 122, 142, 16, 'd', 0, '2026-02-07 23:58:04', '2026-02-07 23:58:04'),
(608, 122, 143, 16, 'a', 0, '2026-02-07 23:58:04', '2026-02-07 23:58:04'),
(609, 122, 144, 16, 'c', 0, '2026-02-07 23:58:04', '2026-02-07 23:58:04'),
(610, 122, 145, 16, 'a', 0, '2026-02-07 23:58:04', '2026-02-07 23:58:04'),
(611, 123, 46, 16, 'c', 1, '2026-02-07 23:58:04', '2026-02-07 23:58:04'),
(612, 123, 47, 16, 'd', 1, '2026-02-07 23:58:04', '2026-02-07 23:58:04'),
(613, 123, 48, 16, 'd', 1, '2026-02-07 23:58:04', '2026-02-07 23:58:04'),
(614, 123, 49, 16, 'c', 1, '2026-02-07 23:58:04', '2026-02-07 23:58:04'),
(615, 123, 50, 16, 'd', 0, '2026-02-07 23:58:04', '2026-02-07 23:58:04'),
(616, 124, 51, 16, 'd', 1, '2026-02-07 23:58:04', '2026-02-07 23:58:04'),
(617, 124, 52, 16, 'c', 1, '2026-02-07 23:58:04', '2026-02-07 23:58:04'),
(618, 124, 53, 16, 'b', 1, '2026-02-07 23:58:04', '2026-02-07 23:58:04'),
(619, 124, 54, 16, 'd', 1, '2026-02-07 23:58:04', '2026-02-07 23:58:04'),
(620, 124, 55, 16, 'a', 0, '2026-02-07 23:58:04', '2026-02-07 23:58:04'),
(621, 125, 56, 16, 'b', 1, '2026-02-07 23:58:04', '2026-02-07 23:58:04'),
(622, 125, 57, 16, 'b', 1, '2026-02-07 23:58:04', '2026-02-07 23:58:04'),
(623, 125, 58, 16, 'c', 1, '2026-02-07 23:58:04', '2026-02-07 23:58:04'),
(624, 125, 59, 16, 'c', 1, '2026-02-07 23:58:04', '2026-02-07 23:58:04'),
(625, 125, 60, 16, 'd', 1, '2026-02-07 23:58:04', '2026-02-07 23:58:04'),
(626, 126, 61, 16, 'b', 1, '2026-02-07 23:58:04', '2026-02-07 23:58:04'),
(627, 126, 62, 16, 'c', 1, '2026-02-07 23:58:04', '2026-02-07 23:58:04'),
(628, 126, 63, 16, 'd', 1, '2026-02-07 23:58:04', '2026-02-07 23:58:04'),
(629, 126, 64, 16, 'b', 1, '2026-02-07 23:58:04', '2026-02-07 23:58:04'),
(630, 126, 65, 16, 'c', 1, '2026-02-07 23:58:04', '2026-02-07 23:58:04'),
(631, 127, 101, 16, 'b', 1, '2026-02-07 23:58:04', '2026-02-07 23:58:04'),
(632, 127, 102, 16, 'c', 1, '2026-02-07 23:58:04', '2026-02-07 23:58:04'),
(633, 127, 103, 16, 'b', 1, '2026-02-07 23:58:04', '2026-02-07 23:58:04'),
(634, 127, 104, 16, 'b', 1, '2026-02-07 23:58:04', '2026-02-07 23:58:04'),
(635, 127, 105, 16, 'c', 1, '2026-02-07 23:58:04', '2026-02-07 23:58:04'),
(636, 128, 106, 16, 'c', 1, '2026-02-07 23:58:04', '2026-02-07 23:58:04'),
(637, 128, 107, 16, 'b', 1, '2026-02-07 23:58:04', '2026-02-07 23:58:04'),
(638, 128, 108, 16, 'b', 1, '2026-02-07 23:58:04', '2026-02-07 23:58:04'),
(639, 128, 109, 16, 'c', 1, '2026-02-07 23:58:04', '2026-02-07 23:58:04'),
(640, 128, 110, 16, 'b', 1, '2026-02-07 23:58:04', '2026-02-07 23:58:04'),
(641, 129, 111, 16, 'b', 1, '2026-02-07 23:58:04', '2026-02-07 23:58:04'),
(642, 129, 112, 16, 'c', 1, '2026-02-07 23:58:04', '2026-02-07 23:58:04'),
(643, 129, 113, 16, 'b', 1, '2026-02-07 23:58:04', '2026-02-07 23:58:04'),
(644, 129, 114, 16, 'b', 1, '2026-02-07 23:58:04', '2026-02-07 23:58:04'),
(645, 129, 115, 16, 'a', 0, '2026-02-07 23:58:04', '2026-02-07 23:58:04'),
(646, 130, 116, 16, 'c', 1, '2026-02-07 23:58:04', '2026-02-07 23:58:04'),
(647, 130, 117, 16, 'a', 0, '2026-02-07 23:58:04', '2026-02-07 23:58:04'),
(648, 130, 118, 16, 'c', 0, '2026-02-07 23:58:04', '2026-02-07 23:58:04'),
(649, 130, 119, 16, 'd', 0, '2026-02-07 23:58:04', '2026-02-07 23:58:04'),
(650, 130, 120, 16, 'd', 0, '2026-02-07 23:58:04', '2026-02-07 23:58:04'),
(651, 131, 136, 17, 'b', 1, '2026-02-07 23:58:04', '2026-02-07 23:58:04'),
(652, 131, 137, 17, 'c', 1, '2026-02-07 23:58:04', '2026-02-07 23:58:04'),
(653, 131, 138, 17, 'c', 1, '2026-02-07 23:58:04', '2026-02-07 23:58:04'),
(654, 131, 139, 17, 'c', 1, '2026-02-07 23:58:04', '2026-02-07 23:58:04'),
(655, 131, 140, 17, 'd', 0, '2026-02-07 23:58:04', '2026-02-07 23:58:04'),
(656, 132, 141, 17, 'b', 1, '2026-02-07 23:58:04', '2026-02-07 23:58:04'),
(657, 132, 142, 17, 'd', 0, '2026-02-07 23:58:04', '2026-02-07 23:58:04'),
(658, 132, 143, 17, 'd', 0, '2026-02-07 23:58:04', '2026-02-07 23:58:04'),
(659, 132, 144, 17, 'c', 0, '2026-02-07 23:58:04', '2026-02-07 23:58:04'),
(660, 132, 145, 17, 'd', 0, '2026-02-07 23:58:04', '2026-02-07 23:58:04'),
(661, 133, 156, 17, 'a', 1, '2026-02-07 23:58:04', '2026-02-07 23:58:04'),
(662, 133, 157, 17, 'b', 1, '2026-02-07 23:58:04', '2026-02-07 23:58:04'),
(663, 133, 158, 17, 'b', 1, '2026-02-07 23:58:04', '2026-02-07 23:58:04'),
(664, 133, 159, 17, 'c', 1, '2026-02-07 23:58:04', '2026-02-07 23:58:04'),
(665, 133, 160, 17, 'b', 1, '2026-02-07 23:58:04', '2026-02-07 23:58:04'),
(666, 134, 161, 17, 'b', 1, '2026-02-07 23:58:04', '2026-02-07 23:58:04'),
(667, 134, 162, 17, 'b', 1, '2026-02-07 23:58:04', '2026-02-07 23:58:04'),
(668, 134, 163, 17, 'b', 1, '2026-02-07 23:58:04', '2026-02-07 23:58:04'),
(669, 134, 164, 17, 'b', 1, '2026-02-07 23:58:04', '2026-02-07 23:58:04'),
(670, 134, 165, 17, 'b', 1, '2026-02-07 23:58:04', '2026-02-07 23:58:04'),
(671, 135, 166, 17, 'a', 1, '2026-02-07 23:58:04', '2026-02-07 23:58:04'),
(672, 135, 167, 17, 'b', 1, '2026-02-07 23:58:04', '2026-02-07 23:58:04'),
(673, 135, 168, 17, 'c', 1, '2026-02-07 23:58:04', '2026-02-07 23:58:04'),
(674, 135, 169, 17, 'b', 1, '2026-02-07 23:58:04', '2026-02-07 23:58:04'),
(675, 135, 170, 17, 'd', 0, '2026-02-07 23:58:04', '2026-02-07 23:58:04'),
(676, 136, 1, 17, 'a', 1, '2026-02-07 23:58:04', '2026-02-07 23:58:04'),
(677, 136, 2, 17, 'b', 1, '2026-02-07 23:58:04', '2026-02-07 23:58:04'),
(678, 136, 3, 17, 'c', 1, '2026-02-07 23:58:04', '2026-02-07 23:58:04'),
(679, 136, 4, 17, 'd', 1, '2026-02-07 23:58:04', '2026-02-07 23:58:04'),
(680, 136, 5, 17, 'a', 1, '2026-02-07 23:58:04', '2026-02-07 23:58:04'),
(681, 137, 6, 17, 'b', 1, '2026-02-07 23:58:04', '2026-02-07 23:58:04'),
(682, 137, 7, 17, 'c', 1, '2026-02-07 23:58:04', '2026-02-07 23:58:04'),
(683, 137, 8, 17, 'c', 1, '2026-02-07 23:58:04', '2026-02-07 23:58:04'),
(684, 137, 9, 17, 'b', 1, '2026-02-07 23:58:04', '2026-02-07 23:58:04'),
(685, 137, 10, 17, 'b', 0, '2026-02-07 23:58:04', '2026-02-07 23:58:04'),
(686, 138, 11, 17, 'c', 1, '2026-02-07 23:58:04', '2026-02-07 23:58:04'),
(687, 138, 12, 17, 'c', 1, '2026-02-07 23:58:04', '2026-02-07 23:58:04'),
(688, 138, 13, 17, 'b', 1, '2026-02-07 23:58:04', '2026-02-07 23:58:04'),
(689, 138, 14, 17, 'c', 1, '2026-02-07 23:58:04', '2026-02-07 23:58:04'),
(690, 138, 15, 17, 'b', 0, '2026-02-07 23:58:04', '2026-02-07 23:58:04'),
(691, 139, 16, 17, 'a', 1, '2026-02-07 23:58:04', '2026-02-07 23:58:04'),
(692, 139, 17, 17, 'c', 1, '2026-02-07 23:58:04', '2026-02-07 23:58:04'),
(693, 139, 18, 17, 'd', 1, '2026-02-07 23:58:04', '2026-02-07 23:58:04'),
(694, 139, 19, 17, 'b', 1, '2026-02-07 23:58:04', '2026-02-07 23:58:04'),
(695, 139, 20, 17, 'c', 1, '2026-02-07 23:58:04', '2026-02-07 23:58:04'),
(696, 140, 121, 17, 'b', 1, '2026-02-07 23:58:04', '2026-02-07 23:58:04'),
(697, 140, 122, 17, 'c', 1, '2026-02-07 23:58:04', '2026-02-07 23:58:04'),
(698, 140, 123, 17, 'b', 1, '2026-02-07 23:58:04', '2026-02-07 23:58:04'),
(699, 140, 124, 17, 'b', 1, '2026-02-07 23:58:04', '2026-02-07 23:58:04'),
(700, 140, 125, 17, 'd', 0, '2026-02-07 23:58:04', '2026-02-07 23:58:04');
INSERT INTO `jawaban_users` (`id`, `hasil_ujian_id`, `soal_id`, `user_id`, `jawaban_user`, `jawaban_benar`, `created_at`, `updated_at`) VALUES
(701, 141, 126, 17, 'b', 1, '2026-02-07 23:58:04', '2026-02-07 23:58:04'),
(702, 141, 127, 17, 'c', 1, '2026-02-07 23:58:04', '2026-02-07 23:58:04'),
(703, 141, 128, 17, 'b', 1, '2026-02-07 23:58:04', '2026-02-07 23:58:04'),
(704, 141, 129, 17, 'b', 1, '2026-02-07 23:58:04', '2026-02-07 23:58:04'),
(705, 141, 130, 17, 'b', 1, '2026-02-07 23:58:04', '2026-02-07 23:58:04'),
(706, 142, 131, 17, 'b', 1, '2026-02-07 23:58:04', '2026-02-07 23:58:04'),
(707, 142, 132, 17, 'b', 1, '2026-02-07 23:58:04', '2026-02-07 23:58:04'),
(708, 142, 133, 17, 'b', 1, '2026-02-07 23:58:04', '2026-02-07 23:58:04'),
(709, 142, 134, 17, 'c', 0, '2026-02-07 23:58:04', '2026-02-07 23:58:04'),
(710, 142, 135, 17, 'c', 0, '2026-02-07 23:58:04', '2026-02-07 23:58:04'),
(711, 143, 171, 17, 'b', 1, '2026-02-07 23:58:04', '2026-02-07 23:58:04'),
(712, 143, 172, 17, 'c', 1, '2026-02-07 23:58:04', '2026-02-07 23:58:04'),
(713, 143, 173, 17, 'b', 1, '2026-02-07 23:58:04', '2026-02-07 23:58:04'),
(714, 143, 174, 17, 'b', 1, '2026-02-07 23:58:04', '2026-02-07 23:58:04'),
(715, 143, 175, 17, 'd', 0, '2026-02-07 23:58:04', '2026-02-07 23:58:04'),
(716, 144, 176, 17, 'b', 1, '2026-02-07 23:58:04', '2026-02-07 23:58:04'),
(717, 144, 177, 17, 'c', 0, '2026-02-07 23:58:04', '2026-02-07 23:58:04'),
(718, 144, 178, 17, 'c', 0, '2026-02-07 23:58:04', '2026-02-07 23:58:04'),
(719, 144, 179, 17, 'a', 0, '2026-02-07 23:58:04', '2026-02-07 23:58:04'),
(720, 144, 180, 17, 'c', 0, '2026-02-07 23:58:04', '2026-02-07 23:58:04'),
(721, 145, 136, 18, 'b', 1, '2026-02-07 23:58:04', '2026-02-07 23:58:04'),
(722, 145, 137, 18, 'c', 1, '2026-02-07 23:58:04', '2026-02-07 23:58:04'),
(723, 145, 138, 18, 'c', 1, '2026-02-07 23:58:04', '2026-02-07 23:58:04'),
(724, 145, 139, 18, 'c', 1, '2026-02-07 23:58:04', '2026-02-07 23:58:04'),
(725, 145, 140, 18, 'b', 1, '2026-02-07 23:58:04', '2026-02-07 23:58:04'),
(726, 146, 141, 18, 'b', 1, '2026-02-07 23:58:04', '2026-02-07 23:58:04'),
(727, 146, 142, 18, 'c', 1, '2026-02-07 23:58:04', '2026-02-07 23:58:04'),
(728, 146, 143, 18, 'b', 1, '2026-02-07 23:58:04', '2026-02-07 23:58:04'),
(729, 146, 144, 18, 'b', 1, '2026-02-07 23:58:04', '2026-02-07 23:58:04'),
(730, 146, 145, 18, 'b', 1, '2026-02-07 23:58:04', '2026-02-07 23:58:04'),
(731, 147, 146, 18, 'b', 1, '2026-02-07 23:58:04', '2026-02-07 23:58:04'),
(732, 147, 147, 18, 'b', 1, '2026-02-07 23:58:04', '2026-02-07 23:58:04'),
(733, 147, 148, 18, 'b', 1, '2026-02-07 23:58:04', '2026-02-07 23:58:04'),
(734, 147, 149, 18, 'b', 1, '2026-02-07 23:58:04', '2026-02-07 23:58:04'),
(735, 147, 150, 18, 'b', 1, '2026-02-07 23:58:04', '2026-02-07 23:58:04'),
(736, 148, 151, 18, 'b', 1, '2026-02-07 23:58:04', '2026-02-07 23:58:04'),
(737, 148, 152, 18, 'b', 1, '2026-02-07 23:58:04', '2026-02-07 23:58:04'),
(738, 148, 153, 18, 'b', 1, '2026-02-07 23:58:04', '2026-02-07 23:58:04'),
(739, 148, 154, 18, 'b', 1, '2026-02-07 23:58:04', '2026-02-07 23:58:04'),
(740, 148, 155, 18, 'a', 0, '2026-02-07 23:58:04', '2026-02-07 23:58:04'),
(741, 149, 156, 18, 'a', 1, '2026-02-07 23:58:04', '2026-02-07 23:58:04'),
(742, 149, 157, 18, 'b', 1, '2026-02-07 23:58:04', '2026-02-07 23:58:04'),
(743, 149, 158, 18, 'b', 1, '2026-02-07 23:58:04', '2026-02-07 23:58:04'),
(744, 149, 159, 18, 'c', 1, '2026-02-07 23:58:04', '2026-02-07 23:58:04'),
(745, 149, 160, 18, 'd', 0, '2026-02-07 23:58:04', '2026-02-07 23:58:04'),
(746, 150, 161, 18, 'b', 1, '2026-02-07 23:58:04', '2026-02-07 23:58:04'),
(747, 150, 162, 18, 'b', 1, '2026-02-07 23:58:04', '2026-02-07 23:58:04'),
(748, 150, 163, 18, 'b', 1, '2026-02-07 23:58:04', '2026-02-07 23:58:04'),
(749, 150, 164, 18, 'b', 1, '2026-02-07 23:58:04', '2026-02-07 23:58:04'),
(750, 150, 165, 18, 'b', 1, '2026-02-07 23:58:04', '2026-02-07 23:58:04'),
(751, 151, 101, 18, 'b', 1, '2026-02-07 23:58:04', '2026-02-07 23:58:04'),
(752, 151, 102, 18, 'c', 1, '2026-02-07 23:58:04', '2026-02-07 23:58:04'),
(753, 151, 103, 18, 'b', 1, '2026-02-07 23:58:04', '2026-02-07 23:58:04'),
(754, 151, 104, 18, 'b', 1, '2026-02-07 23:58:04', '2026-02-07 23:58:04'),
(755, 151, 105, 18, 'b', 0, '2026-02-07 23:58:04', '2026-02-07 23:58:04'),
(756, 152, 106, 18, 'c', 1, '2026-02-07 23:58:04', '2026-02-07 23:58:04'),
(757, 152, 107, 18, 'b', 1, '2026-02-07 23:58:04', '2026-02-07 23:58:04'),
(758, 152, 108, 18, 'b', 1, '2026-02-07 23:58:04', '2026-02-07 23:58:04'),
(759, 152, 109, 18, 'c', 1, '2026-02-07 23:58:04', '2026-02-07 23:58:04'),
(760, 152, 110, 18, 'b', 1, '2026-02-07 23:58:04', '2026-02-07 23:58:04'),
(761, 153, 66, 18, 'b', 1, '2026-02-07 23:58:04', '2026-02-07 23:58:04'),
(762, 153, 67, 18, 'a', 1, '2026-02-07 23:58:04', '2026-02-07 23:58:04'),
(763, 153, 68, 18, 'c', 1, '2026-02-07 23:58:04', '2026-02-07 23:58:04'),
(764, 153, 69, 18, 'a', 1, '2026-02-07 23:58:04', '2026-02-07 23:58:04'),
(765, 153, 70, 18, 'b', 1, '2026-02-07 23:58:04', '2026-02-07 23:58:04'),
(766, 154, 171, 18, 'b', 1, '2026-02-07 23:58:04', '2026-02-07 23:58:04'),
(767, 154, 172, 18, 'c', 1, '2026-02-07 23:58:04', '2026-02-07 23:58:04'),
(768, 154, 173, 18, 'b', 1, '2026-02-07 23:58:04', '2026-02-07 23:58:04'),
(769, 154, 174, 18, 'b', 1, '2026-02-07 23:58:04', '2026-02-07 23:58:04'),
(770, 154, 175, 18, 'b', 1, '2026-02-07 23:58:04', '2026-02-07 23:58:04'),
(771, 155, 176, 18, 'b', 1, '2026-02-07 23:58:04', '2026-02-07 23:58:04'),
(772, 155, 177, 18, 'b', 1, '2026-02-07 23:58:04', '2026-02-07 23:58:04'),
(773, 155, 178, 18, 'b', 1, '2026-02-07 23:58:04', '2026-02-07 23:58:04'),
(774, 155, 179, 18, 'b', 1, '2026-02-07 23:58:04', '2026-02-07 23:58:04'),
(775, 155, 180, 18, 'd', 0, '2026-02-07 23:58:04', '2026-02-07 23:58:04'),
(776, 156, 181, 18, 'b', 1, '2026-02-07 23:58:04', '2026-02-07 23:58:04'),
(777, 156, 182, 18, 'b', 1, '2026-02-07 23:58:04', '2026-02-07 23:58:04'),
(778, 156, 183, 18, 'b', 1, '2026-02-07 23:58:04', '2026-02-07 23:58:04'),
(779, 156, 184, 18, 'b', 1, '2026-02-07 23:58:04', '2026-02-07 23:58:04'),
(780, 156, 185, 18, 'd', 0, '2026-02-07 23:58:04', '2026-02-07 23:58:04'),
(781, 157, 171, 19, 'b', 1, '2026-02-07 23:58:04', '2026-02-07 23:58:04'),
(782, 157, 172, 19, 'c', 1, '2026-02-07 23:58:04', '2026-02-07 23:58:04'),
(783, 157, 173, 19, 'b', 1, '2026-02-07 23:58:04', '2026-02-07 23:58:04'),
(784, 157, 174, 19, 'b', 1, '2026-02-07 23:58:04', '2026-02-07 23:58:04'),
(785, 157, 175, 19, 'b', 1, '2026-02-07 23:58:04', '2026-02-07 23:58:04'),
(786, 158, 176, 19, 'b', 1, '2026-02-07 23:58:04', '2026-02-07 23:58:04'),
(787, 158, 177, 19, 'b', 1, '2026-02-07 23:58:04', '2026-02-07 23:58:04'),
(788, 158, 178, 19, 'b', 1, '2026-02-07 23:58:04', '2026-02-07 23:58:04'),
(789, 158, 179, 19, 'b', 1, '2026-02-07 23:58:04', '2026-02-07 23:58:04'),
(790, 158, 180, 19, 'c', 0, '2026-02-07 23:58:04', '2026-02-07 23:58:04'),
(791, 159, 181, 19, 'b', 1, '2026-02-07 23:58:04', '2026-02-07 23:58:04'),
(792, 159, 182, 19, 'b', 1, '2026-02-07 23:58:04', '2026-02-07 23:58:04'),
(793, 159, 183, 19, 'b', 1, '2026-02-07 23:58:04', '2026-02-07 23:58:04'),
(794, 159, 184, 19, 'b', 1, '2026-02-07 23:58:04', '2026-02-07 23:58:04'),
(795, 159, 185, 19, 'c', 1, '2026-02-07 23:58:04', '2026-02-07 23:58:04'),
(796, 160, 46, 19, 'c', 1, '2026-02-07 23:58:04', '2026-02-07 23:58:04'),
(797, 160, 47, 19, 'd', 1, '2026-02-07 23:58:04', '2026-02-07 23:58:04'),
(798, 160, 48, 19, 'd', 1, '2026-02-07 23:58:04', '2026-02-07 23:58:04'),
(799, 160, 49, 19, 'c', 1, '2026-02-07 23:58:04', '2026-02-07 23:58:04'),
(800, 160, 50, 19, 'a', 0, '2026-02-07 23:58:04', '2026-02-07 23:58:04'),
(801, 161, 51, 19, 'd', 1, '2026-02-07 23:58:04', '2026-02-07 23:58:04'),
(802, 161, 52, 19, 'c', 1, '2026-02-07 23:58:04', '2026-02-07 23:58:04'),
(803, 161, 53, 19, 'b', 1, '2026-02-07 23:58:04', '2026-02-07 23:58:04'),
(804, 161, 54, 19, 'd', 1, '2026-02-07 23:58:04', '2026-02-07 23:58:04'),
(805, 161, 55, 19, 'c', 0, '2026-02-07 23:58:04', '2026-02-07 23:58:04'),
(806, 162, 56, 19, 'b', 1, '2026-02-07 23:58:04', '2026-02-07 23:58:04'),
(807, 162, 57, 19, 'b', 1, '2026-02-07 23:58:04', '2026-02-07 23:58:04'),
(808, 162, 58, 19, 'c', 1, '2026-02-07 23:58:04', '2026-02-07 23:58:04'),
(809, 162, 59, 19, 'c', 1, '2026-02-07 23:58:04', '2026-02-07 23:58:04'),
(810, 162, 60, 19, 'd', 1, '2026-02-07 23:58:04', '2026-02-07 23:58:04'),
(811, 163, 121, 19, 'b', 1, '2026-02-07 23:58:04', '2026-02-07 23:58:04'),
(812, 163, 122, 19, 'c', 1, '2026-02-07 23:58:04', '2026-02-07 23:58:04'),
(813, 163, 123, 19, 'b', 1, '2026-02-07 23:58:04', '2026-02-07 23:58:04'),
(814, 163, 124, 19, 'b', 1, '2026-02-07 23:58:04', '2026-02-07 23:58:04'),
(815, 163, 125, 19, 'c', 0, '2026-02-07 23:58:04', '2026-02-07 23:58:04'),
(816, 164, 126, 19, 'b', 1, '2026-02-07 23:58:05', '2026-02-07 23:58:05'),
(817, 164, 127, 19, 'c', 1, '2026-02-07 23:58:05', '2026-02-07 23:58:05'),
(818, 164, 128, 19, 'b', 1, '2026-02-07 23:58:05', '2026-02-07 23:58:05'),
(819, 164, 129, 19, 'b', 1, '2026-02-07 23:58:05', '2026-02-07 23:58:05'),
(820, 164, 130, 19, 'c', 0, '2026-02-07 23:58:05', '2026-02-07 23:58:05'),
(821, 165, 46, 20, 'c', 1, '2026-02-07 23:58:05', '2026-02-07 23:58:05'),
(822, 165, 47, 20, 'd', 1, '2026-02-07 23:58:05', '2026-02-07 23:58:05'),
(823, 165, 48, 20, 'd', 1, '2026-02-07 23:58:05', '2026-02-07 23:58:05'),
(824, 165, 49, 20, 'c', 1, '2026-02-07 23:58:05', '2026-02-07 23:58:05'),
(825, 165, 50, 20, 'a', 0, '2026-02-07 23:58:05', '2026-02-07 23:58:05'),
(826, 166, 51, 20, 'd', 1, '2026-02-07 23:58:05', '2026-02-07 23:58:05'),
(827, 166, 52, 20, 'c', 1, '2026-02-07 23:58:05', '2026-02-07 23:58:05'),
(828, 166, 53, 20, 'b', 1, '2026-02-07 23:58:05', '2026-02-07 23:58:05'),
(829, 166, 54, 20, 'd', 1, '2026-02-07 23:58:05', '2026-02-07 23:58:05'),
(830, 166, 55, 20, 'c', 0, '2026-02-07 23:58:05', '2026-02-07 23:58:05'),
(831, 167, 56, 20, 'b', 1, '2026-02-07 23:58:05', '2026-02-07 23:58:05'),
(832, 167, 57, 20, 'b', 1, '2026-02-07 23:58:05', '2026-02-07 23:58:05'),
(833, 167, 58, 20, 'c', 1, '2026-02-07 23:58:05', '2026-02-07 23:58:05'),
(834, 167, 59, 20, 'c', 1, '2026-02-07 23:58:05', '2026-02-07 23:58:05'),
(835, 167, 60, 20, 'd', 1, '2026-02-07 23:58:05', '2026-02-07 23:58:05'),
(836, 168, 61, 20, 'b', 1, '2026-02-07 23:58:05', '2026-02-07 23:58:05'),
(837, 168, 62, 20, 'd', 0, '2026-02-07 23:58:05', '2026-02-07 23:58:05'),
(838, 168, 63, 20, 'b', 0, '2026-02-07 23:58:05', '2026-02-07 23:58:05'),
(839, 168, 64, 20, 'a', 0, '2026-02-07 23:58:05', '2026-02-07 23:58:05'),
(840, 168, 65, 20, 'd', 0, '2026-02-07 23:58:05', '2026-02-07 23:58:05'),
(841, 169, 1, 20, 'a', 1, '2026-02-07 23:58:05', '2026-02-07 23:58:05'),
(842, 169, 2, 20, 'b', 1, '2026-02-07 23:58:05', '2026-02-07 23:58:05'),
(843, 169, 3, 20, 'c', 1, '2026-02-07 23:58:05', '2026-02-07 23:58:05'),
(844, 169, 4, 20, 'd', 1, '2026-02-07 23:58:05', '2026-02-07 23:58:05'),
(845, 169, 5, 20, 'd', 0, '2026-02-07 23:58:05', '2026-02-07 23:58:05'),
(846, 170, 6, 20, 'b', 1, '2026-02-07 23:58:05', '2026-02-07 23:58:05'),
(847, 170, 7, 20, 'c', 1, '2026-02-07 23:58:05', '2026-02-07 23:58:05'),
(848, 170, 8, 20, 'c', 1, '2026-02-07 23:58:05', '2026-02-07 23:58:05'),
(849, 170, 9, 20, 'b', 1, '2026-02-07 23:58:05', '2026-02-07 23:58:05'),
(850, 170, 10, 20, 'c', 1, '2026-02-07 23:58:05', '2026-02-07 23:58:05'),
(851, 171, 11, 20, 'c', 1, '2026-02-07 23:58:05', '2026-02-07 23:58:05'),
(852, 171, 12, 20, 'c', 1, '2026-02-07 23:58:05', '2026-02-07 23:58:05'),
(853, 171, 13, 20, 'b', 1, '2026-02-07 23:58:05', '2026-02-07 23:58:05'),
(854, 171, 14, 20, 'c', 1, '2026-02-07 23:58:05', '2026-02-07 23:58:05'),
(855, 171, 15, 20, 'd', 0, '2026-02-07 23:58:05', '2026-02-07 23:58:05'),
(856, 172, 156, 20, 'a', 1, '2026-02-07 23:58:05', '2026-02-07 23:58:05'),
(857, 172, 157, 20, 'b', 1, '2026-02-07 23:58:05', '2026-02-07 23:58:05'),
(858, 172, 158, 20, 'b', 1, '2026-02-07 23:58:05', '2026-02-07 23:58:05'),
(859, 172, 159, 20, 'c', 1, '2026-02-07 23:58:05', '2026-02-07 23:58:05'),
(860, 172, 160, 20, 'b', 1, '2026-02-07 23:58:05', '2026-02-07 23:58:05'),
(861, 173, 161, 20, 'b', 1, '2026-02-07 23:58:05', '2026-02-07 23:58:05'),
(862, 173, 162, 20, 'b', 1, '2026-02-07 23:58:05', '2026-02-07 23:58:05'),
(863, 173, 163, 20, 'b', 1, '2026-02-07 23:58:05', '2026-02-07 23:58:05'),
(864, 173, 164, 20, 'a', 0, '2026-02-07 23:58:05', '2026-02-07 23:58:05'),
(865, 173, 165, 20, 'a', 0, '2026-02-07 23:58:05', '2026-02-07 23:58:05'),
(866, 174, 101, 21, 'b', 1, '2026-02-07 23:58:05', '2026-02-07 23:58:05'),
(867, 174, 102, 21, 'c', 1, '2026-02-07 23:58:05', '2026-02-07 23:58:05'),
(868, 174, 103, 21, 'b', 1, '2026-02-07 23:58:05', '2026-02-07 23:58:05'),
(869, 174, 104, 21, 'b', 1, '2026-02-07 23:58:05', '2026-02-07 23:58:05'),
(870, 174, 105, 21, 'a', 0, '2026-02-07 23:58:05', '2026-02-07 23:58:05'),
(871, 175, 106, 21, 'c', 1, '2026-02-07 23:58:05', '2026-02-07 23:58:05'),
(872, 175, 107, 21, 'b', 1, '2026-02-07 23:58:05', '2026-02-07 23:58:05'),
(873, 175, 108, 21, 'b', 1, '2026-02-07 23:58:05', '2026-02-07 23:58:05'),
(874, 175, 109, 21, 'c', 1, '2026-02-07 23:58:05', '2026-02-07 23:58:05'),
(875, 175, 110, 21, 'd', 0, '2026-02-07 23:58:05', '2026-02-07 23:58:05'),
(876, 176, 111, 21, 'c', 0, '2026-02-07 23:58:05', '2026-02-07 23:58:05'),
(877, 176, 112, 21, 'd', 0, '2026-02-07 23:58:05', '2026-02-07 23:58:05'),
(878, 176, 113, 21, 'd', 0, '2026-02-07 23:58:05', '2026-02-07 23:58:05'),
(879, 176, 114, 21, 'd', 0, '2026-02-07 23:58:05', '2026-02-07 23:58:05'),
(880, 176, 115, 21, 'c', 0, '2026-02-07 23:58:05', '2026-02-07 23:58:05'),
(881, 177, 156, 21, 'a', 1, '2026-02-07 23:58:05', '2026-02-07 23:58:05'),
(882, 177, 157, 21, 'b', 1, '2026-02-07 23:58:05', '2026-02-07 23:58:05'),
(883, 177, 158, 21, 'b', 1, '2026-02-07 23:58:05', '2026-02-07 23:58:05'),
(884, 177, 159, 21, 'c', 1, '2026-02-07 23:58:05', '2026-02-07 23:58:05'),
(885, 177, 160, 21, 'c', 0, '2026-02-07 23:58:05', '2026-02-07 23:58:05'),
(886, 178, 1, 21, 'a', 1, '2026-02-07 23:58:05', '2026-02-07 23:58:05'),
(887, 178, 2, 21, 'b', 1, '2026-02-07 23:58:05', '2026-02-07 23:58:05'),
(888, 178, 3, 21, 'c', 1, '2026-02-07 23:58:05', '2026-02-07 23:58:05'),
(889, 178, 4, 21, 'd', 1, '2026-02-07 23:58:05', '2026-02-07 23:58:05'),
(890, 178, 5, 21, 'a', 1, '2026-02-07 23:58:05', '2026-02-07 23:58:05'),
(891, 179, 6, 21, 'b', 1, '2026-02-07 23:58:05', '2026-02-07 23:58:05'),
(892, 179, 7, 21, 'c', 1, '2026-02-07 23:58:05', '2026-02-07 23:58:05'),
(893, 179, 8, 21, 'c', 1, '2026-02-07 23:58:05', '2026-02-07 23:58:05'),
(894, 179, 9, 21, 'b', 1, '2026-02-07 23:58:05', '2026-02-07 23:58:05'),
(895, 179, 10, 21, 'b', 0, '2026-02-07 23:58:05', '2026-02-07 23:58:05'),
(896, 180, 11, 21, 'c', 1, '2026-02-07 23:58:05', '2026-02-07 23:58:05'),
(897, 180, 12, 21, 'c', 1, '2026-02-07 23:58:05', '2026-02-07 23:58:05'),
(898, 180, 13, 21, 'b', 1, '2026-02-07 23:58:05', '2026-02-07 23:58:05'),
(899, 180, 14, 21, 'c', 1, '2026-02-07 23:58:05', '2026-02-07 23:58:05'),
(900, 180, 15, 21, 'd', 0, '2026-02-07 23:58:05', '2026-02-07 23:58:05'),
(901, 181, 16, 21, 'a', 1, '2026-02-07 23:58:05', '2026-02-07 23:58:05'),
(902, 181, 17, 21, 'c', 1, '2026-02-07 23:58:05', '2026-02-07 23:58:05'),
(903, 181, 18, 21, 'd', 1, '2026-02-07 23:58:05', '2026-02-07 23:58:05'),
(904, 181, 19, 21, 'b', 1, '2026-02-07 23:58:05', '2026-02-07 23:58:05'),
(905, 181, 20, 21, 'b', 0, '2026-02-07 23:58:05', '2026-02-07 23:58:05'),
(906, 182, 21, 21, 'b', 1, '2026-02-07 23:58:05', '2026-02-07 23:58:05'),
(907, 182, 22, 21, 'c', 1, '2026-02-07 23:58:05', '2026-02-07 23:58:05'),
(908, 182, 23, 21, 'b', 1, '2026-02-07 23:58:05', '2026-02-07 23:58:05'),
(909, 182, 24, 21, 'c', 1, '2026-02-07 23:58:05', '2026-02-07 23:58:05'),
(910, 182, 25, 21, 'b', 1, '2026-02-07 23:58:05', '2026-02-07 23:58:05'),
(911, 183, 86, 21, 'b', 1, '2026-02-07 23:58:05', '2026-02-07 23:58:05'),
(912, 183, 87, 21, 'b', 1, '2026-02-07 23:58:05', '2026-02-07 23:58:05'),
(913, 183, 88, 21, 'c', 1, '2026-02-07 23:58:05', '2026-02-07 23:58:05'),
(914, 183, 89, 21, 'b', 1, '2026-02-07 23:58:05', '2026-02-07 23:58:05'),
(915, 183, 90, 21, 'b', 1, '2026-02-07 23:58:05', '2026-02-07 23:58:05'),
(916, 184, 91, 21, 'b', 1, '2026-02-07 23:58:05', '2026-02-07 23:58:05'),
(917, 184, 92, 21, 'b', 1, '2026-02-07 23:58:05', '2026-02-07 23:58:05'),
(918, 184, 93, 21, 'c', 1, '2026-02-07 23:58:05', '2026-02-07 23:58:05'),
(919, 184, 94, 21, 'b', 1, '2026-02-07 23:58:05', '2026-02-07 23:58:05'),
(920, 184, 95, 21, 'd', 0, '2026-02-07 23:58:05', '2026-02-07 23:58:05'),
(921, 185, 1, 22, 'a', 1, '2026-02-07 23:58:05', '2026-02-07 23:58:05'),
(922, 185, 2, 22, 'b', 1, '2026-02-07 23:58:05', '2026-02-07 23:58:05'),
(923, 185, 3, 22, 'c', 1, '2026-02-07 23:58:05', '2026-02-07 23:58:05'),
(924, 185, 4, 22, 'd', 1, '2026-02-07 23:58:05', '2026-02-07 23:58:05'),
(925, 185, 5, 22, 'd', 0, '2026-02-07 23:58:05', '2026-02-07 23:58:05'),
(926, 186, 86, 22, 'b', 1, '2026-02-07 23:58:05', '2026-02-07 23:58:05'),
(927, 186, 87, 22, 'b', 1, '2026-02-07 23:58:05', '2026-02-07 23:58:05'),
(928, 186, 88, 22, 'c', 1, '2026-02-07 23:58:05', '2026-02-07 23:58:05'),
(929, 186, 89, 22, 'b', 1, '2026-02-07 23:58:05', '2026-02-07 23:58:05'),
(930, 186, 90, 22, 'b', 1, '2026-02-07 23:58:05', '2026-02-07 23:58:05'),
(931, 187, 91, 22, 'b', 1, '2026-02-07 23:58:05', '2026-02-07 23:58:05'),
(932, 187, 92, 22, 'b', 1, '2026-02-07 23:58:05', '2026-02-07 23:58:05'),
(933, 187, 93, 22, 'c', 1, '2026-02-07 23:58:05', '2026-02-07 23:58:05'),
(934, 187, 94, 22, 'b', 1, '2026-02-07 23:58:05', '2026-02-07 23:58:05'),
(935, 187, 95, 22, 'd', 0, '2026-02-07 23:58:05', '2026-02-07 23:58:05'),
(936, 188, 96, 22, 'b', 1, '2026-02-07 23:58:05', '2026-02-07 23:58:05'),
(937, 188, 97, 22, 'b', 1, '2026-02-07 23:58:05', '2026-02-07 23:58:05'),
(938, 188, 98, 22, 'b', 1, '2026-02-07 23:58:05', '2026-02-07 23:58:05'),
(939, 188, 99, 22, 'b', 1, '2026-02-07 23:58:05', '2026-02-07 23:58:05'),
(940, 188, 100, 22, 'a', 0, '2026-02-07 23:58:05', '2026-02-07 23:58:05'),
(941, 189, 101, 22, 'b', 1, '2026-02-07 23:58:05', '2026-02-07 23:58:05'),
(942, 189, 102, 22, 'c', 1, '2026-02-07 23:58:05', '2026-02-07 23:58:05'),
(943, 189, 103, 22, 'b', 1, '2026-02-07 23:58:05', '2026-02-07 23:58:05'),
(944, 189, 104, 22, 'b', 1, '2026-02-07 23:58:05', '2026-02-07 23:58:05'),
(945, 189, 105, 22, 'd', 0, '2026-02-07 23:58:05', '2026-02-07 23:58:05'),
(946, 190, 106, 22, 'c', 1, '2026-02-07 23:58:05', '2026-02-07 23:58:05'),
(947, 190, 107, 22, 'b', 1, '2026-02-07 23:58:05', '2026-02-07 23:58:05'),
(948, 190, 108, 22, 'b', 1, '2026-02-07 23:58:05', '2026-02-07 23:58:05'),
(949, 190, 109, 22, 'c', 1, '2026-02-07 23:58:05', '2026-02-07 23:58:05'),
(950, 190, 110, 22, 'b', 1, '2026-02-07 23:58:05', '2026-02-07 23:58:05'),
(951, 191, 111, 22, 'b', 1, '2026-02-07 23:58:05', '2026-02-07 23:58:05'),
(952, 191, 112, 22, 'c', 1, '2026-02-07 23:58:05', '2026-02-07 23:58:05'),
(953, 191, 113, 22, 'b', 1, '2026-02-07 23:58:05', '2026-02-07 23:58:05'),
(954, 191, 114, 22, 'b', 1, '2026-02-07 23:58:05', '2026-02-07 23:58:05'),
(955, 191, 115, 22, 'b', 1, '2026-02-07 23:58:05', '2026-02-07 23:58:05'),
(956, 192, 156, 22, 'a', 1, '2026-02-07 23:58:05', '2026-02-07 23:58:05'),
(957, 192, 157, 22, 'b', 1, '2026-02-07 23:58:05', '2026-02-07 23:58:05'),
(958, 192, 158, 22, 'b', 1, '2026-02-07 23:58:05', '2026-02-07 23:58:05'),
(959, 192, 159, 22, 'c', 1, '2026-02-07 23:58:05', '2026-02-07 23:58:05'),
(960, 192, 160, 22, 'c', 0, '2026-02-07 23:58:05', '2026-02-07 23:58:05'),
(961, 193, 161, 22, 'b', 1, '2026-02-07 23:58:05', '2026-02-07 23:58:05'),
(962, 193, 162, 22, 'b', 1, '2026-02-07 23:58:05', '2026-02-07 23:58:05'),
(963, 193, 163, 22, 'b', 1, '2026-02-07 23:58:05', '2026-02-07 23:58:05'),
(964, 193, 164, 22, 'b', 1, '2026-02-07 23:58:05', '2026-02-07 23:58:05'),
(965, 193, 165, 22, 'b', 1, '2026-02-07 23:58:05', '2026-02-07 23:58:05'),
(966, 194, 166, 22, 'a', 1, '2026-02-07 23:58:05', '2026-02-07 23:58:05'),
(967, 194, 167, 22, 'b', 1, '2026-02-07 23:58:05', '2026-02-07 23:58:05'),
(968, 194, 168, 22, 'd', 0, '2026-02-07 23:58:05', '2026-02-07 23:58:05'),
(969, 194, 169, 22, 'd', 0, '2026-02-07 23:58:05', '2026-02-07 23:58:05'),
(970, 194, 170, 22, 'd', 0, '2026-02-07 23:58:05', '2026-02-07 23:58:05'),
(971, 195, 121, 22, 'b', 1, '2026-02-07 23:58:05', '2026-02-07 23:58:05'),
(972, 195, 122, 22, 'c', 1, '2026-02-07 23:58:05', '2026-02-07 23:58:05'),
(973, 195, 123, 22, 'b', 1, '2026-02-07 23:58:05', '2026-02-07 23:58:05'),
(974, 195, 124, 22, 'b', 1, '2026-02-07 23:58:05', '2026-02-07 23:58:05'),
(975, 195, 125, 22, 'c', 0, '2026-02-07 23:58:05', '2026-02-07 23:58:05'),
(976, 196, 121, 23, 'b', 1, '2026-02-07 23:58:05', '2026-02-07 23:58:05'),
(977, 196, 122, 23, 'c', 1, '2026-02-07 23:58:05', '2026-02-07 23:58:05'),
(978, 196, 123, 23, 'b', 1, '2026-02-07 23:58:05', '2026-02-07 23:58:05'),
(979, 196, 124, 23, 'b', 1, '2026-02-07 23:58:05', '2026-02-07 23:58:05'),
(980, 196, 125, 23, 'd', 0, '2026-02-07 23:58:05', '2026-02-07 23:58:05'),
(981, 197, 126, 23, 'b', 1, '2026-02-07 23:58:05', '2026-02-07 23:58:05'),
(982, 197, 127, 23, 'c', 1, '2026-02-07 23:58:05', '2026-02-07 23:58:05'),
(983, 197, 128, 23, 'b', 1, '2026-02-07 23:58:05', '2026-02-07 23:58:05'),
(984, 197, 129, 23, 'b', 1, '2026-02-07 23:58:05', '2026-02-07 23:58:05'),
(985, 197, 130, 23, 'b', 1, '2026-02-07 23:58:05', '2026-02-07 23:58:05'),
(986, 198, 131, 23, 'b', 1, '2026-02-07 23:58:05', '2026-02-07 23:58:05'),
(987, 198, 132, 23, 'b', 1, '2026-02-07 23:58:05', '2026-02-07 23:58:05'),
(988, 198, 133, 23, 'b', 1, '2026-02-07 23:58:05', '2026-02-07 23:58:05'),
(989, 198, 134, 23, 'b', 1, '2026-02-07 23:58:05', '2026-02-07 23:58:05'),
(990, 198, 135, 23, 'd', 0, '2026-02-07 23:58:05', '2026-02-07 23:58:05'),
(991, 199, 101, 23, 'b', 1, '2026-02-07 23:58:05', '2026-02-07 23:58:05'),
(992, 199, 102, 23, 'c', 1, '2026-02-07 23:58:05', '2026-02-07 23:58:05'),
(993, 199, 103, 23, 'b', 1, '2026-02-07 23:58:05', '2026-02-07 23:58:05'),
(994, 199, 104, 23, 'b', 1, '2026-02-07 23:58:05', '2026-02-07 23:58:05'),
(995, 199, 105, 23, 'b', 0, '2026-02-07 23:58:05', '2026-02-07 23:58:05'),
(996, 200, 106, 23, 'c', 1, '2026-02-07 23:58:05', '2026-02-07 23:58:05'),
(997, 200, 107, 23, 'b', 1, '2026-02-07 23:58:05', '2026-02-07 23:58:05'),
(998, 200, 108, 23, 'b', 1, '2026-02-07 23:58:05', '2026-02-07 23:58:05'),
(999, 200, 109, 23, 'c', 1, '2026-02-07 23:58:05', '2026-02-07 23:58:05'),
(1000, 200, 110, 23, 'b', 1, '2026-02-07 23:58:05', '2026-02-07 23:58:05'),
(1001, 201, 111, 23, 'b', 1, '2026-02-07 23:58:05', '2026-02-07 23:58:05'),
(1002, 201, 112, 23, 'c', 1, '2026-02-07 23:58:05', '2026-02-07 23:58:05'),
(1003, 201, 113, 23, 'b', 1, '2026-02-07 23:58:05', '2026-02-07 23:58:05'),
(1004, 201, 114, 23, 'b', 1, '2026-02-07 23:58:05', '2026-02-07 23:58:05'),
(1005, 201, 115, 23, 'b', 1, '2026-02-07 23:58:05', '2026-02-07 23:58:05'),
(1006, 202, 26, 23, 'a', 1, '2026-02-07 23:58:05', '2026-02-07 23:58:05'),
(1007, 202, 27, 23, 'c', 1, '2026-02-07 23:58:05', '2026-02-07 23:58:05'),
(1008, 202, 28, 23, 'b', 1, '2026-02-07 23:58:05', '2026-02-07 23:58:05'),
(1009, 202, 29, 23, 'c', 1, '2026-02-07 23:58:05', '2026-02-07 23:58:05'),
(1010, 202, 30, 23, 'c', 0, '2026-02-07 23:58:05', '2026-02-07 23:58:05'),
(1011, 203, 31, 23, 'a', 1, '2026-02-07 23:58:05', '2026-02-07 23:58:05'),
(1012, 203, 32, 23, 'c', 1, '2026-02-07 23:58:05', '2026-02-07 23:58:05'),
(1013, 203, 33, 23, 'b', 1, '2026-02-07 23:58:05', '2026-02-07 23:58:05'),
(1014, 203, 34, 23, 'b', 1, '2026-02-07 23:58:05', '2026-02-07 23:58:05'),
(1015, 203, 35, 23, 'a', 0, '2026-02-07 23:58:05', '2026-02-07 23:58:05'),
(1016, 204, 36, 23, 'b', 1, '2026-02-07 23:58:05', '2026-02-07 23:58:05'),
(1017, 204, 37, 23, 'b', 0, '2026-02-07 23:58:05', '2026-02-07 23:58:05'),
(1018, 204, 38, 23, 'c', 0, '2026-02-07 23:58:05', '2026-02-07 23:58:05'),
(1019, 204, 39, 23, 'd', 0, '2026-02-07 23:58:05', '2026-02-07 23:58:05'),
(1020, 204, 40, 23, 'd', 0, '2026-02-07 23:58:05', '2026-02-07 23:58:05'),
(1021, 205, 86, 23, 'b', 1, '2026-02-07 23:58:05', '2026-02-07 23:58:05'),
(1022, 205, 87, 23, 'b', 1, '2026-02-07 23:58:05', '2026-02-07 23:58:05'),
(1023, 205, 88, 23, 'c', 1, '2026-02-07 23:58:05', '2026-02-07 23:58:05'),
(1024, 205, 89, 23, 'b', 1, '2026-02-07 23:58:05', '2026-02-07 23:58:05'),
(1025, 205, 90, 23, 'b', 1, '2026-02-07 23:58:05', '2026-02-07 23:58:05'),
(1026, 206, 91, 23, 'b', 1, '2026-02-07 23:58:05', '2026-02-07 23:58:05'),
(1027, 206, 92, 23, 'a', 0, '2026-02-07 23:58:05', '2026-02-07 23:58:05'),
(1028, 206, 93, 23, 'a', 0, '2026-02-07 23:58:05', '2026-02-07 23:58:05'),
(1029, 206, 94, 23, 'c', 0, '2026-02-07 23:58:05', '2026-02-07 23:58:05'),
(1030, 206, 95, 23, 'c', 0, '2026-02-07 23:58:05', '2026-02-07 23:58:05'),
(1031, 207, 156, 23, 'a', 1, '2026-02-07 23:58:05', '2026-02-07 23:58:05'),
(1032, 207, 157, 23, 'b', 1, '2026-02-07 23:58:05', '2026-02-07 23:58:05'),
(1033, 207, 158, 23, 'b', 1, '2026-02-07 23:58:05', '2026-02-07 23:58:05'),
(1034, 207, 159, 23, 'c', 1, '2026-02-07 23:58:05', '2026-02-07 23:58:05'),
(1035, 207, 160, 23, 'b', 1, '2026-02-07 23:58:05', '2026-02-07 23:58:05'),
(1036, 208, 161, 23, 'b', 1, '2026-02-07 23:58:05', '2026-02-07 23:58:05'),
(1037, 208, 162, 23, 'b', 1, '2026-02-07 23:58:05', '2026-02-07 23:58:05'),
(1038, 208, 163, 23, 'b', 1, '2026-02-07 23:58:05', '2026-02-07 23:58:05'),
(1039, 208, 164, 23, 'b', 1, '2026-02-07 23:58:05', '2026-02-07 23:58:05'),
(1040, 208, 165, 23, 'a', 0, '2026-02-07 23:58:05', '2026-02-07 23:58:05'),
(1041, 209, 166, 23, 'a', 1, '2026-02-07 23:58:05', '2026-02-07 23:58:05'),
(1042, 209, 167, 23, 'b', 1, '2026-02-07 23:58:05', '2026-02-07 23:58:05'),
(1043, 209, 168, 23, 'c', 1, '2026-02-07 23:58:05', '2026-02-07 23:58:05'),
(1044, 209, 169, 23, 'b', 1, '2026-02-07 23:58:05', '2026-02-07 23:58:05'),
(1045, 209, 170, 23, 'b', 1, '2026-02-07 23:58:05', '2026-02-07 23:58:05'),
(1046, 210, 66, 24, 'b', 1, '2026-02-07 23:58:05', '2026-02-07 23:58:05'),
(1047, 210, 67, 24, 'a', 1, '2026-02-07 23:58:05', '2026-02-07 23:58:05'),
(1048, 210, 68, 24, 'c', 1, '2026-02-07 23:58:05', '2026-02-07 23:58:05'),
(1049, 210, 69, 24, 'a', 1, '2026-02-07 23:58:05', '2026-02-07 23:58:05'),
(1050, 210, 70, 24, 'c', 0, '2026-02-07 23:58:05', '2026-02-07 23:58:05'),
(1051, 211, 71, 24, 'c', 1, '2026-02-07 23:58:05', '2026-02-07 23:58:05'),
(1052, 211, 72, 24, 'b', 1, '2026-02-07 23:58:05', '2026-02-07 23:58:05'),
(1053, 211, 73, 24, 'c', 1, '2026-02-07 23:58:05', '2026-02-07 23:58:05'),
(1054, 211, 74, 24, 'b', 1, '2026-02-07 23:58:05', '2026-02-07 23:58:05'),
(1055, 211, 75, 24, 'b', 1, '2026-02-07 23:58:05', '2026-02-07 23:58:05'),
(1056, 212, 76, 24, 'b', 1, '2026-02-07 23:58:05', '2026-02-07 23:58:05'),
(1057, 212, 77, 24, 'c', 1, '2026-02-07 23:58:05', '2026-02-07 23:58:05'),
(1058, 212, 78, 24, 'b', 1, '2026-02-07 23:58:05', '2026-02-07 23:58:05'),
(1059, 212, 79, 24, 'c', 1, '2026-02-07 23:58:05', '2026-02-07 23:58:05'),
(1060, 212, 80, 24, 'c', 0, '2026-02-07 23:58:05', '2026-02-07 23:58:05'),
(1061, 213, 81, 24, 'c', 1, '2026-02-07 23:58:06', '2026-02-07 23:58:06'),
(1062, 213, 82, 24, 'c', 1, '2026-02-07 23:58:06', '2026-02-07 23:58:06'),
(1063, 213, 83, 24, 'b', 1, '2026-02-07 23:58:06', '2026-02-07 23:58:06'),
(1064, 213, 84, 24, 'c', 1, '2026-02-07 23:58:06', '2026-02-07 23:58:06'),
(1065, 213, 85, 24, 'd', 0, '2026-02-07 23:58:06', '2026-02-07 23:58:06'),
(1066, 214, 136, 24, 'b', 1, '2026-02-07 23:58:06', '2026-02-07 23:58:06'),
(1067, 214, 137, 24, 'c', 1, '2026-02-07 23:58:06', '2026-02-07 23:58:06'),
(1068, 214, 138, 24, 'c', 1, '2026-02-07 23:58:06', '2026-02-07 23:58:06'),
(1069, 214, 139, 24, 'c', 1, '2026-02-07 23:58:06', '2026-02-07 23:58:06'),
(1070, 214, 140, 24, 'c', 0, '2026-02-07 23:58:06', '2026-02-07 23:58:06'),
(1071, 215, 141, 24, 'b', 1, '2026-02-07 23:58:06', '2026-02-07 23:58:06'),
(1072, 215, 142, 24, 'c', 1, '2026-02-07 23:58:06', '2026-02-07 23:58:06'),
(1073, 215, 143, 24, 'b', 1, '2026-02-07 23:58:06', '2026-02-07 23:58:06'),
(1074, 215, 144, 24, 'b', 1, '2026-02-07 23:58:06', '2026-02-07 23:58:06'),
(1075, 215, 145, 24, 'd', 0, '2026-02-07 23:58:06', '2026-02-07 23:58:06'),
(1076, 216, 146, 24, 'b', 1, '2026-02-07 23:58:06', '2026-02-07 23:58:06'),
(1077, 216, 147, 24, 'b', 1, '2026-02-07 23:58:06', '2026-02-07 23:58:06'),
(1078, 216, 148, 24, 'b', 1, '2026-02-07 23:58:06', '2026-02-07 23:58:06'),
(1079, 216, 149, 24, 'b', 1, '2026-02-07 23:58:06', '2026-02-07 23:58:06'),
(1080, 216, 150, 24, 'b', 1, '2026-02-07 23:58:06', '2026-02-07 23:58:06'),
(1081, 217, 151, 24, 'a', 0, '2026-02-07 23:58:06', '2026-02-07 23:58:06'),
(1082, 217, 152, 24, 'd', 0, '2026-02-07 23:58:06', '2026-02-07 23:58:06'),
(1083, 217, 153, 24, 'c', 0, '2026-02-07 23:58:06', '2026-02-07 23:58:06'),
(1084, 217, 154, 24, 'c', 0, '2026-02-07 23:58:06', '2026-02-07 23:58:06'),
(1085, 217, 155, 24, 'c', 0, '2026-02-07 23:58:06', '2026-02-07 23:58:06'),
(1086, 218, 101, 24, 'b', 1, '2026-02-07 23:58:06', '2026-02-07 23:58:06'),
(1087, 218, 102, 24, 'c', 1, '2026-02-07 23:58:06', '2026-02-07 23:58:06'),
(1088, 218, 103, 24, 'b', 1, '2026-02-07 23:58:06', '2026-02-07 23:58:06'),
(1089, 218, 104, 24, 'b', 1, '2026-02-07 23:58:06', '2026-02-07 23:58:06'),
(1090, 218, 105, 24, 'c', 1, '2026-02-07 23:58:06', '2026-02-07 23:58:06'),
(1091, 219, 106, 24, 'c', 1, '2026-02-07 23:58:06', '2026-02-07 23:58:06'),
(1092, 219, 107, 24, 'b', 1, '2026-02-07 23:58:06', '2026-02-07 23:58:06'),
(1093, 219, 108, 24, 'b', 1, '2026-02-07 23:58:06', '2026-02-07 23:58:06'),
(1094, 219, 109, 24, 'c', 1, '2026-02-07 23:58:06', '2026-02-07 23:58:06'),
(1095, 219, 110, 24, 'b', 1, '2026-02-07 23:58:06', '2026-02-07 23:58:06'),
(1096, 220, 111, 24, 'b', 1, '2026-02-07 23:58:06', '2026-02-07 23:58:06'),
(1097, 220, 112, 24, 'c', 1, '2026-02-07 23:58:06', '2026-02-07 23:58:06'),
(1098, 220, 113, 24, 'c', 0, '2026-02-07 23:58:06', '2026-02-07 23:58:06'),
(1099, 220, 114, 24, 'c', 0, '2026-02-07 23:58:06', '2026-02-07 23:58:06'),
(1100, 220, 115, 24, 'd', 0, '2026-02-07 23:58:06', '2026-02-07 23:58:06'),
(1101, 221, 101, 25, 'b', 1, '2026-02-07 23:58:06', '2026-02-07 23:58:06'),
(1102, 221, 102, 25, 'c', 1, '2026-02-07 23:58:06', '2026-02-07 23:58:06'),
(1103, 221, 103, 25, 'b', 1, '2026-02-07 23:58:06', '2026-02-07 23:58:06'),
(1104, 221, 104, 25, 'b', 1, '2026-02-07 23:58:06', '2026-02-07 23:58:06'),
(1105, 221, 105, 25, 'c', 1, '2026-02-07 23:58:06', '2026-02-07 23:58:06'),
(1106, 222, 106, 25, 'c', 1, '2026-02-07 23:58:06', '2026-02-07 23:58:06'),
(1107, 222, 107, 25, 'b', 1, '2026-02-07 23:58:06', '2026-02-07 23:58:06'),
(1108, 222, 108, 25, 'b', 1, '2026-02-07 23:58:06', '2026-02-07 23:58:06'),
(1109, 222, 109, 25, 'c', 1, '2026-02-07 23:58:06', '2026-02-07 23:58:06'),
(1110, 222, 110, 25, 'b', 1, '2026-02-07 23:58:06', '2026-02-07 23:58:06'),
(1111, 223, 111, 25, 'b', 1, '2026-02-07 23:58:06', '2026-02-07 23:58:06'),
(1112, 223, 112, 25, 'c', 1, '2026-02-07 23:58:06', '2026-02-07 23:58:06'),
(1113, 223, 113, 25, 'b', 1, '2026-02-07 23:58:06', '2026-02-07 23:58:06'),
(1114, 223, 114, 25, 'b', 1, '2026-02-07 23:58:06', '2026-02-07 23:58:06'),
(1115, 223, 115, 25, 'b', 1, '2026-02-07 23:58:06', '2026-02-07 23:58:06'),
(1116, 224, 116, 25, 'c', 1, '2026-02-07 23:58:06', '2026-02-07 23:58:06'),
(1117, 224, 117, 25, 'a', 0, '2026-02-07 23:58:06', '2026-02-07 23:58:06'),
(1118, 224, 118, 25, 'a', 0, '2026-02-07 23:58:06', '2026-02-07 23:58:06'),
(1119, 224, 119, 25, 'a', 0, '2026-02-07 23:58:06', '2026-02-07 23:58:06'),
(1120, 224, 120, 25, 'c', 0, '2026-02-07 23:58:06', '2026-02-07 23:58:06'),
(1121, 225, 121, 25, 'b', 1, '2026-02-07 23:58:06', '2026-02-07 23:58:06'),
(1122, 225, 122, 25, 'c', 1, '2026-02-07 23:58:06', '2026-02-07 23:58:06'),
(1123, 225, 123, 25, 'b', 1, '2026-02-07 23:58:06', '2026-02-07 23:58:06'),
(1124, 225, 124, 25, 'b', 1, '2026-02-07 23:58:06', '2026-02-07 23:58:06'),
(1125, 225, 125, 25, 'b', 1, '2026-02-07 23:58:06', '2026-02-07 23:58:06'),
(1126, 226, 126, 25, 'b', 1, '2026-02-07 23:58:06', '2026-02-07 23:58:06'),
(1127, 226, 127, 25, 'c', 1, '2026-02-07 23:58:06', '2026-02-07 23:58:06'),
(1128, 226, 128, 25, 'b', 1, '2026-02-07 23:58:06', '2026-02-07 23:58:06'),
(1129, 226, 129, 25, 'b', 1, '2026-02-07 23:58:06', '2026-02-07 23:58:06'),
(1130, 226, 130, 25, 'c', 0, '2026-02-07 23:58:06', '2026-02-07 23:58:06'),
(1131, 227, 131, 25, 'b', 1, '2026-02-07 23:58:06', '2026-02-07 23:58:06'),
(1132, 227, 132, 25, 'b', 1, '2026-02-07 23:58:06', '2026-02-07 23:58:06'),
(1133, 227, 133, 25, 'b', 1, '2026-02-07 23:58:06', '2026-02-07 23:58:06'),
(1134, 227, 134, 25, 'c', 0, '2026-02-07 23:58:06', '2026-02-07 23:58:06'),
(1135, 227, 135, 25, 'c', 0, '2026-02-07 23:58:06', '2026-02-07 23:58:06'),
(1136, 228, 66, 25, 'b', 1, '2026-02-07 23:58:06', '2026-02-07 23:58:06'),
(1137, 228, 67, 25, 'a', 1, '2026-02-07 23:58:06', '2026-02-07 23:58:06'),
(1138, 228, 68, 25, 'c', 1, '2026-02-07 23:58:06', '2026-02-07 23:58:06'),
(1139, 228, 69, 25, 'a', 1, '2026-02-07 23:58:06', '2026-02-07 23:58:06'),
(1140, 228, 70, 25, 'b', 1, '2026-02-07 23:58:06', '2026-02-07 23:58:06'),
(1141, 229, 1, 26, 'a', 1, '2026-02-07 23:58:06', '2026-02-07 23:58:06'),
(1142, 229, 2, 26, 'b', 1, '2026-02-07 23:58:06', '2026-02-07 23:58:06'),
(1143, 229, 3, 26, 'c', 1, '2026-02-07 23:58:06', '2026-02-07 23:58:06'),
(1144, 229, 4, 26, 'd', 1, '2026-02-07 23:58:06', '2026-02-07 23:58:06'),
(1145, 229, 5, 26, 'a', 1, '2026-02-07 23:58:06', '2026-02-07 23:58:06'),
(1146, 230, 6, 26, 'b', 1, '2026-02-07 23:58:06', '2026-02-07 23:58:06'),
(1147, 230, 7, 26, 'c', 1, '2026-02-07 23:58:06', '2026-02-07 23:58:06'),
(1148, 230, 8, 26, 'c', 1, '2026-02-07 23:58:06', '2026-02-07 23:58:06'),
(1149, 230, 9, 26, 'b', 1, '2026-02-07 23:58:06', '2026-02-07 23:58:06'),
(1150, 230, 10, 26, 'c', 1, '2026-02-07 23:58:06', '2026-02-07 23:58:06'),
(1151, 231, 11, 26, 'c', 1, '2026-02-07 23:58:06', '2026-02-07 23:58:06'),
(1152, 231, 12, 26, 'c', 1, '2026-02-07 23:58:06', '2026-02-07 23:58:06'),
(1153, 231, 13, 26, 'b', 1, '2026-02-07 23:58:06', '2026-02-07 23:58:06'),
(1154, 231, 14, 26, 'c', 1, '2026-02-07 23:58:06', '2026-02-07 23:58:06'),
(1155, 231, 15, 26, 'd', 0, '2026-02-07 23:58:06', '2026-02-07 23:58:06'),
(1156, 232, 171, 26, 'b', 1, '2026-02-07 23:58:06', '2026-02-07 23:58:06'),
(1157, 232, 172, 26, 'c', 1, '2026-02-07 23:58:06', '2026-02-07 23:58:06'),
(1158, 232, 173, 26, 'b', 1, '2026-02-07 23:58:06', '2026-02-07 23:58:06'),
(1159, 232, 174, 26, 'b', 1, '2026-02-07 23:58:06', '2026-02-07 23:58:06'),
(1160, 232, 175, 26, 'b', 1, '2026-02-07 23:58:06', '2026-02-07 23:58:06'),
(1161, 233, 176, 26, 'b', 1, '2026-02-07 23:58:06', '2026-02-07 23:58:06'),
(1162, 233, 177, 26, 'b', 1, '2026-02-07 23:58:06', '2026-02-07 23:58:06'),
(1163, 233, 178, 26, 'c', 0, '2026-02-07 23:58:06', '2026-02-07 23:58:06'),
(1164, 233, 179, 26, 'a', 0, '2026-02-07 23:58:06', '2026-02-07 23:58:06'),
(1165, 233, 180, 26, 'a', 0, '2026-02-07 23:58:06', '2026-02-07 23:58:06'),
(1166, 234, 156, 26, 'a', 1, '2026-02-07 23:58:06', '2026-02-07 23:58:06'),
(1167, 234, 157, 26, 'b', 1, '2026-02-07 23:58:06', '2026-02-07 23:58:06'),
(1168, 234, 158, 26, 'b', 1, '2026-02-07 23:58:06', '2026-02-07 23:58:06'),
(1169, 234, 159, 26, 'c', 1, '2026-02-07 23:58:06', '2026-02-07 23:58:06'),
(1170, 234, 160, 26, 'b', 1, '2026-02-07 23:58:06', '2026-02-07 23:58:06'),
(1171, 235, 161, 26, 'b', 1, '2026-02-07 23:58:06', '2026-02-07 23:58:06'),
(1172, 235, 162, 26, 'b', 1, '2026-02-07 23:58:06', '2026-02-07 23:58:06'),
(1173, 235, 163, 26, 'b', 1, '2026-02-07 23:58:06', '2026-02-07 23:58:06'),
(1174, 235, 164, 26, 'b', 1, '2026-02-07 23:58:06', '2026-02-07 23:58:06'),
(1175, 235, 165, 26, 'b', 1, '2026-02-07 23:58:06', '2026-02-07 23:58:06'),
(1176, 236, 166, 26, 'a', 1, '2026-02-07 23:58:06', '2026-02-07 23:58:06'),
(1177, 236, 167, 26, 'b', 1, '2026-02-07 23:58:06', '2026-02-07 23:58:06'),
(1178, 236, 168, 26, 'c', 1, '2026-02-07 23:58:06', '2026-02-07 23:58:06'),
(1179, 236, 169, 26, 'b', 1, '2026-02-07 23:58:06', '2026-02-07 23:58:06'),
(1180, 236, 170, 26, 'b', 1, '2026-02-07 23:58:06', '2026-02-07 23:58:06'),
(1181, 237, 136, 26, 'b', 1, '2026-02-07 23:58:06', '2026-02-07 23:58:06'),
(1182, 237, 137, 26, 'c', 1, '2026-02-07 23:58:06', '2026-02-07 23:58:06'),
(1183, 237, 138, 26, 'c', 1, '2026-02-07 23:58:06', '2026-02-07 23:58:06'),
(1184, 237, 139, 26, 'c', 1, '2026-02-07 23:58:06', '2026-02-07 23:58:06'),
(1185, 237, 140, 26, 'd', 0, '2026-02-07 23:58:06', '2026-02-07 23:58:06'),
(1186, 238, 141, 26, 'b', 1, '2026-02-07 23:58:06', '2026-02-07 23:58:06'),
(1187, 238, 142, 26, 'c', 1, '2026-02-07 23:58:06', '2026-02-07 23:58:06'),
(1188, 238, 143, 26, 'b', 1, '2026-02-07 23:58:06', '2026-02-07 23:58:06'),
(1189, 238, 144, 26, 'b', 1, '2026-02-07 23:58:06', '2026-02-07 23:58:06'),
(1190, 238, 145, 26, 'a', 0, '2026-02-07 23:58:06', '2026-02-07 23:58:06'),
(1191, 239, 146, 26, 'b', 1, '2026-02-07 23:58:06', '2026-02-07 23:58:06'),
(1192, 239, 147, 26, 'b', 1, '2026-02-07 23:58:06', '2026-02-07 23:58:06'),
(1193, 239, 148, 26, 'b', 1, '2026-02-07 23:58:06', '2026-02-07 23:58:06'),
(1194, 239, 149, 26, 'b', 1, '2026-02-07 23:58:06', '2026-02-07 23:58:06'),
(1195, 239, 150, 26, 'b', 1, '2026-02-07 23:58:06', '2026-02-07 23:58:06'),
(1196, 240, 151, 26, 'a', 0, '2026-02-07 23:58:06', '2026-02-07 23:58:06'),
(1197, 240, 152, 26, 'd', 0, '2026-02-07 23:58:06', '2026-02-07 23:58:06'),
(1198, 240, 153, 26, 'a', 0, '2026-02-07 23:58:06', '2026-02-07 23:58:06'),
(1199, 240, 154, 26, 'a', 0, '2026-02-07 23:58:06', '2026-02-07 23:58:06'),
(1200, 240, 155, 26, 'a', 0, '2026-02-07 23:58:06', '2026-02-07 23:58:06'),
(1201, 241, 171, 27, 'b', 1, '2026-02-07 23:58:06', '2026-02-07 23:58:06'),
(1202, 241, 172, 27, 'c', 1, '2026-02-07 23:58:06', '2026-02-07 23:58:06'),
(1203, 241, 173, 27, 'b', 1, '2026-02-07 23:58:06', '2026-02-07 23:58:06'),
(1204, 241, 174, 27, 'b', 1, '2026-02-07 23:58:06', '2026-02-07 23:58:06'),
(1205, 241, 175, 27, 'd', 0, '2026-02-07 23:58:06', '2026-02-07 23:58:06'),
(1206, 242, 66, 27, 'b', 1, '2026-02-07 23:58:06', '2026-02-07 23:58:06'),
(1207, 242, 67, 27, 'a', 1, '2026-02-07 23:58:06', '2026-02-07 23:58:06'),
(1208, 242, 68, 27, 'c', 1, '2026-02-07 23:58:06', '2026-02-07 23:58:06'),
(1209, 242, 69, 27, 'a', 1, '2026-02-07 23:58:06', '2026-02-07 23:58:06'),
(1210, 242, 70, 27, 'a', 0, '2026-02-07 23:58:06', '2026-02-07 23:58:06'),
(1211, 243, 71, 27, 'c', 1, '2026-02-07 23:58:06', '2026-02-07 23:58:06'),
(1212, 243, 72, 27, 'b', 1, '2026-02-07 23:58:06', '2026-02-07 23:58:06'),
(1213, 243, 73, 27, 'c', 1, '2026-02-07 23:58:06', '2026-02-07 23:58:06'),
(1214, 243, 74, 27, 'b', 1, '2026-02-07 23:58:06', '2026-02-07 23:58:06'),
(1215, 243, 75, 27, 'd', 0, '2026-02-07 23:58:06', '2026-02-07 23:58:06'),
(1216, 244, 76, 27, 'b', 1, '2026-02-07 23:58:06', '2026-02-07 23:58:06'),
(1217, 244, 77, 27, 'c', 1, '2026-02-07 23:58:06', '2026-02-07 23:58:06'),
(1218, 244, 78, 27, 'b', 1, '2026-02-07 23:58:06', '2026-02-07 23:58:06'),
(1219, 244, 79, 27, 'c', 1, '2026-02-07 23:58:06', '2026-02-07 23:58:06'),
(1220, 244, 80, 27, 'd', 0, '2026-02-07 23:58:06', '2026-02-07 23:58:06'),
(1221, 245, 81, 27, 'c', 1, '2026-02-07 23:58:06', '2026-02-07 23:58:06'),
(1222, 245, 82, 27, 'c', 1, '2026-02-07 23:58:06', '2026-02-07 23:58:06'),
(1223, 245, 83, 27, 'b', 1, '2026-02-07 23:58:06', '2026-02-07 23:58:06'),
(1224, 245, 84, 27, 'c', 1, '2026-02-07 23:58:06', '2026-02-07 23:58:06'),
(1225, 245, 85, 27, 'd', 0, '2026-02-07 23:58:06', '2026-02-07 23:58:06'),
(1226, 246, 101, 27, 'b', 1, '2026-02-07 23:58:06', '2026-02-07 23:58:06'),
(1227, 246, 102, 27, 'c', 1, '2026-02-07 23:58:06', '2026-02-07 23:58:06'),
(1228, 246, 103, 27, 'b', 1, '2026-02-07 23:58:06', '2026-02-07 23:58:06'),
(1229, 246, 104, 27, 'b', 1, '2026-02-07 23:58:06', '2026-02-07 23:58:06'),
(1230, 246, 105, 27, 'd', 0, '2026-02-07 23:58:06', '2026-02-07 23:58:06'),
(1231, 247, 106, 27, 'c', 1, '2026-02-07 23:58:06', '2026-02-07 23:58:06'),
(1232, 247, 107, 27, 'b', 1, '2026-02-07 23:58:06', '2026-02-07 23:58:06'),
(1233, 247, 108, 27, 'b', 1, '2026-02-07 23:58:06', '2026-02-07 23:58:06'),
(1234, 247, 109, 27, 'c', 1, '2026-02-07 23:58:06', '2026-02-07 23:58:06'),
(1235, 247, 110, 27, 'd', 0, '2026-02-07 23:58:06', '2026-02-07 23:58:06'),
(1236, 248, 111, 27, 'b', 1, '2026-02-07 23:58:06', '2026-02-07 23:58:06'),
(1237, 248, 112, 27, 'c', 1, '2026-02-07 23:58:06', '2026-02-07 23:58:06'),
(1238, 248, 113, 27, 'b', 1, '2026-02-07 23:58:06', '2026-02-07 23:58:06'),
(1239, 248, 114, 27, 'b', 1, '2026-02-07 23:58:06', '2026-02-07 23:58:06'),
(1240, 248, 115, 27, 'b', 1, '2026-02-07 23:58:06', '2026-02-07 23:58:06'),
(1241, 249, 121, 27, 'b', 1, '2026-02-07 23:58:06', '2026-02-07 23:58:06'),
(1242, 249, 122, 27, 'c', 1, '2026-02-07 23:58:06', '2026-02-07 23:58:06'),
(1243, 249, 123, 27, 'b', 1, '2026-02-07 23:58:06', '2026-02-07 23:58:06'),
(1244, 249, 124, 27, 'b', 1, '2026-02-07 23:58:06', '2026-02-07 23:58:06'),
(1245, 249, 125, 27, 'b', 1, '2026-02-07 23:58:06', '2026-02-07 23:58:06'),
(1246, 250, 126, 27, 'b', 1, '2026-02-07 23:58:06', '2026-02-07 23:58:06'),
(1247, 250, 127, 27, 'c', 1, '2026-02-07 23:58:06', '2026-02-07 23:58:06'),
(1248, 250, 128, 27, 'b', 1, '2026-02-07 23:58:06', '2026-02-07 23:58:06'),
(1249, 250, 129, 27, 'b', 1, '2026-02-07 23:58:06', '2026-02-07 23:58:06'),
(1250, 250, 130, 27, 'b', 1, '2026-02-07 23:58:06', '2026-02-07 23:58:06'),
(1251, 251, 131, 27, 'd', 0, '2026-02-07 23:58:06', '2026-02-07 23:58:06'),
(1252, 251, 132, 27, 'a', 0, '2026-02-07 23:58:06', '2026-02-07 23:58:06'),
(1253, 251, 133, 27, 'c', 0, '2026-02-07 23:58:06', '2026-02-07 23:58:06'),
(1254, 251, 134, 27, 'a', 0, '2026-02-07 23:58:06', '2026-02-07 23:58:06'),
(1255, 251, 135, 27, 'd', 0, '2026-02-07 23:58:06', '2026-02-07 23:58:06'),
(1256, 252, 136, 27, 'b', 1, '2026-02-07 23:58:06', '2026-02-07 23:58:06'),
(1257, 252, 137, 27, 'c', 1, '2026-02-07 23:58:06', '2026-02-07 23:58:06'),
(1258, 252, 138, 27, 'c', 1, '2026-02-07 23:58:06', '2026-02-07 23:58:06'),
(1259, 252, 139, 27, 'c', 1, '2026-02-07 23:58:06', '2026-02-07 23:58:06'),
(1260, 252, 140, 27, 'b', 1, '2026-02-07 23:58:06', '2026-02-07 23:58:06'),
(1261, 253, 86, 28, 'b', 1, '2026-02-07 23:58:06', '2026-02-07 23:58:06'),
(1262, 253, 87, 28, 'b', 1, '2026-02-07 23:58:06', '2026-02-07 23:58:06'),
(1263, 253, 88, 28, 'c', 1, '2026-02-07 23:58:06', '2026-02-07 23:58:06'),
(1264, 253, 89, 28, 'b', 1, '2026-02-07 23:58:06', '2026-02-07 23:58:06'),
(1265, 253, 90, 28, 'b', 1, '2026-02-07 23:58:06', '2026-02-07 23:58:06'),
(1266, 254, 91, 28, 'b', 1, '2026-02-07 23:58:06', '2026-02-07 23:58:06'),
(1267, 254, 92, 28, 'b', 1, '2026-02-07 23:58:06', '2026-02-07 23:58:06'),
(1268, 254, 93, 28, 'c', 1, '2026-02-07 23:58:06', '2026-02-07 23:58:06'),
(1269, 254, 94, 28, 'b', 1, '2026-02-07 23:58:06', '2026-02-07 23:58:06'),
(1270, 254, 95, 28, 'c', 0, '2026-02-07 23:58:06', '2026-02-07 23:58:06'),
(1271, 255, 96, 28, 'b', 1, '2026-02-07 23:58:06', '2026-02-07 23:58:06'),
(1272, 255, 97, 28, 'b', 1, '2026-02-07 23:58:06', '2026-02-07 23:58:06'),
(1273, 255, 98, 28, 'b', 1, '2026-02-07 23:58:06', '2026-02-07 23:58:06'),
(1274, 255, 99, 28, 'b', 1, '2026-02-07 23:58:06', '2026-02-07 23:58:06'),
(1275, 255, 100, 28, 'c', 1, '2026-02-07 23:58:06', '2026-02-07 23:58:06'),
(1276, 256, 26, 28, 'a', 1, '2026-02-07 23:58:06', '2026-02-07 23:58:06'),
(1277, 256, 27, 28, 'c', 1, '2026-02-07 23:58:06', '2026-02-07 23:58:06'),
(1278, 256, 28, 28, 'b', 1, '2026-02-07 23:58:06', '2026-02-07 23:58:06'),
(1279, 256, 29, 28, 'c', 1, '2026-02-07 23:58:06', '2026-02-07 23:58:06'),
(1280, 256, 30, 28, 'd', 1, '2026-02-07 23:58:06', '2026-02-07 23:58:06'),
(1281, 257, 31, 28, 'a', 1, '2026-02-07 23:58:06', '2026-02-07 23:58:06'),
(1282, 257, 32, 28, 'c', 1, '2026-02-07 23:58:06', '2026-02-07 23:58:06'),
(1283, 257, 33, 28, 'b', 1, '2026-02-07 23:58:06', '2026-02-07 23:58:06'),
(1284, 257, 34, 28, 'b', 1, '2026-02-07 23:58:06', '2026-02-07 23:58:06'),
(1285, 257, 35, 28, 'b', 0, '2026-02-07 23:58:06', '2026-02-07 23:58:06'),
(1286, 258, 36, 28, 'b', 1, '2026-02-07 23:58:06', '2026-02-07 23:58:06'),
(1287, 258, 37, 28, 'c', 1, '2026-02-07 23:58:06', '2026-02-07 23:58:06'),
(1288, 258, 38, 28, 'd', 1, '2026-02-07 23:58:06', '2026-02-07 23:58:06'),
(1289, 258, 39, 28, 'c', 1, '2026-02-07 23:58:06', '2026-02-07 23:58:06'),
(1290, 258, 40, 28, 'd', 0, '2026-02-07 23:58:06', '2026-02-07 23:58:06'),
(1291, 259, 101, 28, 'b', 1, '2026-02-07 23:58:06', '2026-02-07 23:58:06'),
(1292, 259, 102, 28, 'c', 1, '2026-02-07 23:58:06', '2026-02-07 23:58:06'),
(1293, 259, 103, 28, 'b', 1, '2026-02-07 23:58:06', '2026-02-07 23:58:06'),
(1294, 259, 104, 28, 'b', 1, '2026-02-07 23:58:06', '2026-02-07 23:58:06'),
(1295, 259, 105, 28, 'a', 0, '2026-02-07 23:58:06', '2026-02-07 23:58:06'),
(1296, 260, 106, 28, 'c', 1, '2026-02-07 23:58:06', '2026-02-07 23:58:06'),
(1297, 260, 107, 28, 'b', 1, '2026-02-07 23:58:06', '2026-02-07 23:58:06'),
(1298, 260, 108, 28, 'b', 1, '2026-02-07 23:58:06', '2026-02-07 23:58:06'),
(1299, 260, 109, 28, 'c', 1, '2026-02-07 23:58:06', '2026-02-07 23:58:06'),
(1300, 260, 110, 28, 'b', 1, '2026-02-07 23:58:06', '2026-02-07 23:58:06'),
(1301, 261, 46, 28, 'c', 1, '2026-02-07 23:58:06', '2026-02-07 23:58:06'),
(1302, 261, 47, 28, 'd', 1, '2026-02-07 23:58:06', '2026-02-07 23:58:06'),
(1303, 261, 48, 28, 'd', 1, '2026-02-07 23:58:06', '2026-02-07 23:58:06'),
(1304, 261, 49, 28, 'c', 1, '2026-02-07 23:58:06', '2026-02-07 23:58:06'),
(1305, 261, 50, 28, 'd', 0, '2026-02-07 23:58:06', '2026-02-07 23:58:06'),
(1306, 262, 51, 28, 'd', 1, '2026-02-07 23:58:06', '2026-02-07 23:58:06'),
(1307, 262, 52, 28, 'c', 1, '2026-02-07 23:58:06', '2026-02-07 23:58:06'),
(1308, 262, 53, 28, 'd', 0, '2026-02-07 23:58:06', '2026-02-07 23:58:06'),
(1309, 262, 54, 28, 'b', 0, '2026-02-07 23:58:06', '2026-02-07 23:58:06'),
(1310, 262, 55, 28, 'd', 0, '2026-02-07 23:58:06', '2026-02-07 23:58:06'),
(1311, 263, 136, 28, 'b', 1, '2026-02-07 23:58:06', '2026-02-07 23:58:06'),
(1312, 263, 137, 28, 'c', 1, '2026-02-07 23:58:06', '2026-02-07 23:58:06'),
(1313, 263, 138, 28, 'c', 1, '2026-02-07 23:58:06', '2026-02-07 23:58:06'),
(1314, 263, 139, 28, 'c', 1, '2026-02-07 23:58:06', '2026-02-07 23:58:06'),
(1315, 263, 140, 28, 'b', 1, '2026-02-07 23:58:06', '2026-02-07 23:58:06'),
(1316, 264, 141, 28, 'b', 1, '2026-02-07 23:58:06', '2026-02-07 23:58:06'),
(1317, 264, 142, 28, 'c', 1, '2026-02-07 23:58:06', '2026-02-07 23:58:06'),
(1318, 264, 143, 28, 'b', 1, '2026-02-07 23:58:06', '2026-02-07 23:58:06'),
(1319, 264, 144, 28, 'b', 1, '2026-02-07 23:58:06', '2026-02-07 23:58:06'),
(1320, 264, 145, 28, 'c', 0, '2026-02-07 23:58:06', '2026-02-07 23:58:06'),
(1321, 265, 146, 28, 'b', 1, '2026-02-07 23:58:06', '2026-02-07 23:58:06'),
(1322, 265, 147, 28, 'b', 1, '2026-02-07 23:58:06', '2026-02-07 23:58:06'),
(1323, 265, 148, 28, 'b', 1, '2026-02-07 23:58:06', '2026-02-07 23:58:06'),
(1324, 265, 149, 28, 'b', 1, '2026-02-07 23:58:06', '2026-02-07 23:58:06'),
(1325, 265, 150, 28, 'b', 1, '2026-02-07 23:58:06', '2026-02-07 23:58:06'),
(1326, 266, 151, 28, 'b', 1, '2026-02-07 23:58:06', '2026-02-07 23:58:06'),
(1327, 266, 152, 28, 'b', 1, '2026-02-07 23:58:06', '2026-02-07 23:58:06'),
(1328, 266, 153, 28, 'b', 1, '2026-02-07 23:58:06', '2026-02-07 23:58:06'),
(1329, 266, 154, 28, 'b', 1, '2026-02-07 23:58:06', '2026-02-07 23:58:06'),
(1330, 266, 155, 28, 'b', 1, '2026-02-07 23:58:06', '2026-02-07 23:58:06');

-- --------------------------------------------------------

--
-- Table structure for table `jobs`
--

CREATE TABLE `jobs` (
  `id` bigint UNSIGNED NOT NULL,
  `queue` varchar(255) COLLATE utf8mb4_unicode_ci NOT NULL,
  `payload` longtext COLLATE utf8mb4_unicode_ci NOT NULL,
  `attempts` tinyint UNSIGNED NOT NULL,
  `reserved_at` int UNSIGNED DEFAULT NULL,
  `available_at` int UNSIGNED NOT NULL,
  `created_at` int UNSIGNED NOT NULL
) ENGINE=InnoDB DEFAULT CHARSET=utf8mb4 COLLATE=utf8mb4_unicode_ci;

-- --------------------------------------------------------

--
-- Table structure for table `job_batches`
--

CREATE TABLE `job_batches` (
  `id` varchar(255) COLLATE utf8mb4_unicode_ci NOT NULL,
  `name` varchar(255) COLLATE utf8mb4_unicode_ci NOT NULL,
  `total_jobs` int NOT NULL,
  `pending_jobs` int NOT NULL,
  `failed_jobs` int NOT NULL,
  `failed_job_ids` longtext COLLATE utf8mb4_unicode_ci NOT NULL,
  `options` mediumtext COLLATE utf8mb4_unicode_ci,
  `cancelled_at` int DEFAULT NULL,
  `created_at` int NOT NULL,
  `finished_at` int DEFAULT NULL
) ENGINE=InnoDB DEFAULT CHARSET=utf8mb4 COLLATE=utf8mb4_unicode_ci;

-- --------------------------------------------------------

--
-- Table structure for table `kelas`
--

CREATE TABLE `kelas` (
  `id` bigint UNSIGNED NOT NULL,
  `nama` varchar(255) COLLATE utf8mb4_unicode_ci NOT NULL,
  `thumnail` varchar(255) COLLATE utf8mb4_unicode_ci DEFAULT NULL,
  `created_at` timestamp NULL DEFAULT NULL,
  `updated_at` timestamp NULL DEFAULT NULL
) ENGINE=InnoDB DEFAULT CHARSET=utf8mb4 COLLATE=utf8mb4_unicode_ci;

--
-- Dumping data for table `kelas`
--

INSERT INTO `kelas` (`id`, `nama`, `thumnail`, `created_at`, `updated_at`) VALUES
(1, 'Dasar Pemrograman Web', NULL, '2026-02-07 23:58:00', '2026-02-07 23:58:00'),
(2, 'Basis Data', NULL, '2026-02-07 23:58:00', '2026-02-07 23:58:00'),
(3, 'Jaringan Komputer', NULL, '2026-02-07 23:58:00', '2026-02-07 23:58:00'),
(4, 'Pemrograman Java', NULL, '2026-02-07 23:58:00', '2026-02-07 23:58:00'),
(5, 'Desain UI/UX', NULL, '2026-02-07 23:58:00', '2026-02-07 23:58:00'),
(6, 'Algoritma dan Struktur Data', NULL, '2026-02-07 23:58:00', '2026-02-07 23:58:00'),
(7, 'Sistem Operasi', NULL, '2026-02-07 23:58:00', '2026-02-07 23:58:00'),
(8, 'Pemrograman Python', NULL, '2026-02-07 23:58:00', '2026-02-07 23:58:00'),
(9, 'Keamanan Siber', NULL, '2026-02-07 23:58:00', '2026-02-07 23:58:00'),
(10, 'Cloud Computing', NULL, '2026-02-07 23:58:00', '2026-02-07 23:58:00');

-- --------------------------------------------------------

--
-- Table structure for table `kelas_user`
--

CREATE TABLE `kelas_user` (
  `id` bigint UNSIGNED NOT NULL,
  `kelas_id` bigint UNSIGNED NOT NULL,
  `user_id` bigint UNSIGNED NOT NULL,
  `completed_materials` json DEFAULT NULL,
  `progress` int NOT NULL DEFAULT '0',
  `status` varchar(255) COLLATE utf8mb4_unicode_ci NOT NULL DEFAULT 'active',
  `completed_at` timestamp NULL DEFAULT NULL,
  `created_at` timestamp NULL DEFAULT NULL,
  `updated_at` timestamp NULL DEFAULT NULL
) ENGINE=InnoDB DEFAULT CHARSET=utf8mb4 COLLATE=utf8mb4_unicode_ci;

--
-- Dumping data for table `kelas_user`
--

INSERT INTO `kelas_user` (`id`, `kelas_id`, `user_id`, `completed_materials`, `progress`, `status`, `completed_at`, `created_at`, `updated_at`) VALUES
(1, 9, 4, '[32, 33, 34]', 100, 'completed', '2026-02-03 23:58:01', '2025-12-09 23:58:01', '2026-02-02 23:58:01'),
(2, 7, 4, '[25, 26]', 67, 'active', NULL, '2025-12-20 23:58:01', '2026-02-05 23:58:01'),
(3, 8, 4, '[28, 29]', 50, 'active', NULL, '2025-12-15 23:58:01', '2026-02-05 23:58:01'),
(4, 8, 5, '[28, 29, 30]', 75, 'active', NULL, '2025-12-21 23:58:01', '2026-01-30 23:58:01'),
(5, 7, 5, '[25, 26]', 67, 'active', NULL, '2026-01-02 23:58:01', '2026-02-03 23:58:01'),
(6, 3, 5, '[10]', 25, 'active', NULL, '2025-12-22 23:58:01', '2026-02-07 23:58:01'),
(7, 10, 5, '[]', 0, 'active', NULL, '2025-12-11 23:58:01', '2026-02-04 23:58:01'),
(8, 6, 6, '[21, 22]', 50, 'active', NULL, '2026-01-17 23:58:01', '2026-02-02 23:58:01'),
(9, 3, 6, '[10]', 25, 'active', NULL, '2025-12-10 23:58:01', '2026-02-03 23:58:01'),
(10, 1, 6, '[]', 0, 'active', NULL, '2025-12-26 23:58:01', '2026-01-28 23:58:01'),
(11, 4, 6, '[14, 15, 16, 17]', 100, 'completed', '2026-01-29 23:58:01', '2026-01-28 23:58:01', '2026-02-04 23:58:01'),
(12, 7, 6, '[25, 26]', 67, 'active', NULL, '2026-01-24 23:58:01', '2026-02-06 23:58:01'),
(13, 9, 7, '[32]', 33, 'active', NULL, '2026-01-19 23:58:01', '2026-02-03 23:58:01'),
(14, 7, 7, '[]', 0, 'active', NULL, '2026-01-24 23:58:01', '2026-02-07 23:58:01'),
(15, 5, 7, '[18, 19, 20]', 100, 'completed', '2026-01-13 23:58:01', '2026-01-22 23:58:01', '2026-02-04 23:58:01'),
(16, 10, 7, '[35, 36]', 67, 'active', NULL, '2025-12-31 23:58:01', '2026-02-04 23:58:01'),
(17, 4, 7, '[14, 15]', 50, 'active', NULL, '2026-01-15 23:58:01', '2026-02-02 23:58:01'),
(18, 6, 7, '[21]', 25, 'active', NULL, '2025-12-12 23:58:01', '2026-01-28 23:58:01'),
(19, 3, 8, '[]', 0, 'active', NULL, '2026-01-04 23:58:01', '2026-01-28 23:58:01'),
(20, 7, 8, '[25, 26, 27]', 100, 'completed', '2026-02-04 23:58:01', '2026-01-27 23:58:01', '2026-02-04 23:58:01'),
(21, 10, 8, '[35, 36]', 67, 'active', NULL, '2026-01-26 23:58:01', '2026-02-04 23:58:01'),
(22, 1, 8, '[1, 2, 3]', 60, 'active', NULL, '2026-01-04 23:58:01', '2026-02-04 23:58:01'),
(23, 4, 8, '[14]', 25, 'active', NULL, '2026-01-11 23:58:01', '2026-02-02 23:58:01'),
(24, 5, 8, '[]', 0, 'active', NULL, '2025-12-21 23:58:01', '2026-02-07 23:58:01'),
(25, 9, 8, '[32, 33, 34]', 100, 'completed', '2026-01-20 23:58:01', '2026-01-11 23:58:01', '2026-02-07 23:58:01'),
(26, 10, 9, '[35, 36, 37]', 100, 'completed', '2026-01-10 23:58:01', '2025-12-30 23:58:01', '2026-01-29 23:58:01'),
(27, 1, 9, '[1, 2, 3, 4]', 80, 'active', NULL, '2025-12-31 23:58:01', '2026-01-30 23:58:01'),
(28, 5, 9, '[18, 19]', 67, 'active', NULL, '2026-01-07 23:58:01', '2026-01-28 23:58:01'),
(29, 5, 10, '[18, 19]', 67, 'active', NULL, '2026-01-18 23:58:01', '2026-02-06 23:58:01'),
(30, 2, 10, '[6, 7]', 50, 'active', NULL, '2025-12-17 23:58:01', '2026-01-31 23:58:01'),
(31, 4, 10, '[14]', 25, 'active', NULL, '2026-01-06 23:58:01', '2026-01-31 23:58:01'),
(32, 8, 10, '[]', 0, 'active', NULL, '2026-01-11 23:58:01', '2026-02-02 23:58:01'),
(33, 10, 11, '[35, 36]', 67, 'active', NULL, '2026-01-02 23:58:01', '2026-02-01 23:58:01'),
(34, 5, 11, '[18]', 33, 'active', NULL, '2026-01-20 23:58:01', '2026-02-01 23:58:01'),
(35, 6, 11, '[]', 0, 'active', NULL, '2026-01-20 23:58:01', '2026-02-01 23:58:01'),
(36, 8, 11, '[28, 29, 30, 31]', 100, 'completed', '2026-01-17 23:58:01', '2026-01-08 23:58:01', '2026-01-28 23:58:01'),
(37, 3, 11, '[10, 11, 12]', 75, 'active', NULL, '2025-12-10 23:58:01', '2026-01-31 23:58:01'),
(38, 8, 12, '[28]', 25, 'active', NULL, '2026-01-21 23:58:01', '2026-02-02 23:58:01'),
(39, 7, 12, '[]', 0, 'active', NULL, '2025-12-14 23:58:01', '2026-02-06 23:58:01'),
(40, 5, 12, '[18, 19, 20]', 100, 'completed', '2026-02-04 23:58:01', '2025-12-30 23:58:01', '2026-02-04 23:58:01'),
(41, 9, 12, '[32, 33]', 67, 'active', NULL, '2025-12-11 23:58:01', '2026-02-03 23:58:01'),
(42, 4, 12, '[14, 15]', 50, 'active', NULL, '2026-01-23 23:58:01', '2026-02-02 23:58:01'),
(43, 2, 12, '[6]', 25, 'active', NULL, '2026-01-04 23:58:01', '2026-02-06 23:58:01'),
(44, 1, 13, '[]', 0, 'active', NULL, '2026-01-04 23:58:01', '2026-02-02 23:58:01'),
(45, 7, 13, '[25, 26, 27]', 100, 'completed', '2026-01-20 23:58:01', '2025-12-28 23:58:01', '2026-01-29 23:58:01'),
(46, 8, 13, '[28, 29, 30]', 75, 'active', NULL, '2026-01-15 23:58:01', '2026-02-06 23:58:01'),
(47, 3, 13, '[10, 11]', 50, 'active', NULL, '2026-01-15 23:58:01', '2026-01-28 23:58:01'),
(48, 6, 13, '[21]', 25, 'active', NULL, '2025-12-27 23:58:01', '2026-01-29 23:58:01'),
(49, 2, 13, '[]', 0, 'active', NULL, '2026-01-10 23:58:01', '2026-01-30 23:58:01'),
(50, 9, 13, '[32, 33, 34]', 100, 'completed', '2026-01-26 23:58:01', '2025-12-12 23:58:01', '2026-01-31 23:58:01'),
(51, 2, 14, '[6, 7, 8, 9]', 100, 'completed', '2026-01-26 23:58:01', '2026-01-16 23:58:01', '2026-02-01 23:58:01'),
(52, 4, 14, '[14, 15, 16]', 75, 'active', NULL, '2026-01-27 23:58:01', '2026-02-03 23:58:01'),
(53, 8, 14, '[28, 29]', 50, 'active', NULL, '2026-01-15 23:58:01', '2026-02-02 23:58:01'),
(54, 4, 15, '[14, 15, 16]', 75, 'active', NULL, '2026-01-23 23:58:01', '2026-02-05 23:58:01'),
(55, 6, 15, '[21, 22]', 50, 'active', NULL, '2026-01-14 23:58:01', '2026-01-29 23:58:01'),
(56, 2, 15, '[6]', 25, 'active', NULL, '2025-12-31 23:58:01', '2026-01-29 23:58:01'),
(57, 5, 15, '[]', 0, 'active', NULL, '2025-12-22 23:58:02', '2026-01-28 23:58:02'),
(58, 5, 16, '[18, 19]', 67, 'active', NULL, '2026-01-07 23:58:02', '2026-02-02 23:58:02'),
(59, 8, 16, '[28]', 25, 'active', NULL, '2026-01-17 23:58:02', '2026-02-05 23:58:02'),
(60, 2, 16, '[]', 0, 'active', NULL, '2025-12-31 23:58:02', '2026-02-06 23:58:02'),
(61, 3, 16, '[10, 11, 12, 13]', 100, 'completed', '2026-01-26 23:58:02', '2026-01-21 23:58:02', '2026-02-03 23:58:02'),
(62, 6, 16, '[21, 22, 23]', 75, 'active', NULL, '2025-12-26 23:58:02', '2026-02-02 23:58:02'),
(63, 8, 17, '[28]', 25, 'active', NULL, '2026-01-28 23:58:02', '2026-02-03 23:58:02'),
(64, 3, 17, '[]', 0, 'active', NULL, '2026-01-20 23:58:02', '2026-02-01 23:58:02'),
(65, 9, 17, '[32, 33, 34]', 100, 'completed', '2026-01-19 23:58:02', '2025-12-31 23:58:02', '2026-02-03 23:58:02'),
(66, 1, 17, '[1, 2, 3, 4]', 80, 'active', NULL, '2026-01-09 23:58:02', '2026-02-06 23:58:02'),
(67, 7, 17, '[25, 26]', 67, 'active', NULL, '2025-12-26 23:58:02', '2026-02-06 23:58:02'),
(68, 10, 17, '[35]', 33, 'active', NULL, '2025-12-24 23:58:02', '2026-01-29 23:58:02'),
(69, 7, 18, '[]', 0, 'active', NULL, '2026-01-04 23:58:02', '2026-02-01 23:58:02'),
(70, 8, 18, '[28, 29, 30, 31]', 100, 'completed', '2026-01-18 23:58:02', '2026-01-26 23:58:02', '2026-02-01 23:58:02'),
(71, 9, 18, '[32, 33]', 67, 'active', NULL, '2025-12-16 23:58:02', '2026-01-31 23:58:02'),
(72, 6, 18, '[21, 22]', 50, 'active', NULL, '2025-12-17 23:58:02', '2026-02-02 23:58:02'),
(73, 4, 18, '[14]', 25, 'active', NULL, '2025-12-10 23:58:02', '2026-01-28 23:58:02'),
(74, 1, 18, '[]', 0, 'active', NULL, '2025-12-24 23:58:02', '2026-02-04 23:58:02'),
(75, 10, 18, '[35, 36, 37]', 100, 'completed', '2026-01-19 23:58:02', '2026-01-24 23:58:02', '2026-02-02 23:58:02'),
(76, 10, 19, '[35, 36, 37]', 100, 'completed', '2026-02-06 23:58:02', '2026-01-12 23:58:02', '2026-02-05 23:58:02'),
(77, 3, 19, '[10, 11, 12]', 75, 'active', NULL, '2026-01-02 23:58:02', '2026-02-05 23:58:02'),
(78, 7, 19, '[25, 26]', 67, 'active', NULL, '2025-12-23 23:58:02', '2026-02-06 23:58:02'),
(79, 3, 20, '[10, 11, 12]', 75, 'active', NULL, '2026-01-27 23:58:02', '2026-02-05 23:58:02'),
(80, 1, 20, '[1, 2, 3]', 60, 'active', NULL, '2026-01-01 23:58:02', '2026-01-29 23:58:02'),
(81, 9, 20, '[32]', 33, 'active', NULL, '2026-01-12 23:58:02', '2026-02-07 23:58:02'),
(82, 5, 20, '[]', 0, 'active', NULL, '2026-01-15 23:58:02', '2026-02-07 23:58:02'),
(83, 6, 21, '[21, 22]', 50, 'active', NULL, '2026-01-08 23:58:02', '2026-01-30 23:58:02'),
(84, 9, 21, '[32]', 33, 'active', NULL, '2025-12-24 23:58:02', '2026-01-28 23:58:02'),
(85, 8, 21, '[]', 0, 'active', NULL, '2026-01-24 23:58:02', '2026-01-28 23:58:02'),
(86, 1, 21, '[1, 2, 3, 4, 5]', 100, 'completed', '2026-01-08 23:58:02', '2026-01-25 23:58:02', '2026-01-30 23:58:02'),
(87, 5, 21, '[18, 19]', 67, 'active', NULL, '2025-12-23 23:58:02', '2026-02-05 23:58:02'),
(88, 1, 22, '[1]', 20, 'active', NULL, '2025-12-29 23:58:02', '2026-02-02 23:58:02'),
(89, 8, 22, '[]', 0, 'active', NULL, '2025-12-20 23:58:02', '2026-02-07 23:58:02'),
(90, 5, 22, '[18, 19, 20]', 100, 'completed', '2026-01-19 23:58:02', '2025-12-13 23:58:02', '2026-02-07 23:58:02'),
(91, 6, 22, '[21, 22, 23]', 75, 'active', NULL, '2025-12-15 23:58:02', '2026-02-06 23:58:02'),
(92, 9, 22, '[32, 33]', 67, 'active', NULL, '2025-12-15 23:58:02', '2026-01-31 23:58:02'),
(93, 7, 22, '[25]', 33, 'active', NULL, '2026-01-24 23:58:02', '2026-02-06 23:58:02'),
(94, 1, 23, '[]', 0, 'active', NULL, '2025-12-27 23:58:02', '2026-02-01 23:58:02'),
(95, 7, 23, '[25, 26, 27]', 100, 'completed', '2026-01-30 23:58:02', '2026-01-10 23:58:02', '2026-01-31 23:58:02'),
(96, 6, 23, '[21, 22, 23]', 75, 'active', NULL, '2026-01-17 23:58:02', '2026-02-01 23:58:02'),
(97, 2, 23, '[6, 7]', 50, 'active', NULL, '2025-12-16 23:58:02', '2026-01-31 23:58:02'),
(98, 5, 23, '[18]', 33, 'active', NULL, '2025-12-11 23:58:02', '2026-02-04 23:58:02'),
(99, 3, 23, '[]', 0, 'active', NULL, '2026-01-11 23:58:02', '2026-02-03 23:58:02'),
(100, 9, 23, '[32, 33, 34]', 100, 'completed', '2026-01-31 23:58:02', '2026-01-10 23:58:02', '2026-02-04 23:58:02'),
(101, 4, 24, '[14, 15, 16, 17]', 100, 'completed', '2026-01-25 23:58:02', '2026-01-06 23:58:02', '2026-01-29 23:58:02'),
(102, 8, 24, '[28, 29, 30]', 75, 'active', NULL, '2025-12-22 23:58:02', '2026-02-05 23:58:02'),
(103, 6, 24, '[21, 22]', 50, 'active', NULL, '2025-12-23 23:58:02', '2026-02-06 23:58:02'),
(104, 6, 25, '[21, 22, 23]', 75, 'active', NULL, '2026-01-11 23:58:02', '2026-01-31 23:58:02'),
(105, 7, 25, '[25, 26]', 67, 'active', NULL, '2025-12-30 23:58:02', '2026-01-30 23:58:02'),
(106, 4, 25, '[14]', 25, 'active', NULL, '2025-12-18 23:58:02', '2026-01-30 23:58:02'),
(107, 5, 25, '[]', 0, 'active', NULL, '2026-01-10 23:58:02', '2026-02-02 23:58:02'),
(108, 1, 26, '[1, 2, 3]', 60, 'active', NULL, '2026-01-10 23:58:02', '2026-02-05 23:58:02'),
(109, 10, 26, '[35]', 33, 'active', NULL, '2025-12-28 23:58:02', '2026-02-07 23:58:02'),
(110, 6, 26, '[]', 0, 'active', NULL, '2025-12-21 23:58:02', '2026-02-02 23:58:02'),
(111, 9, 26, '[32, 33, 34]', 100, 'completed', '2026-02-04 23:58:02', '2025-12-30 23:58:02', '2026-02-05 23:58:02'),
(112, 8, 26, '[28, 29, 30]', 75, 'active', NULL, '2026-01-10 23:58:02', '2026-01-30 23:58:02'),
(113, 10, 27, '[35]', 33, 'active', NULL, '2025-12-12 23:58:02', '2026-01-29 23:58:02'),
(114, 1, 27, '[]', 0, 'active', NULL, '2026-01-27 23:58:02', '2026-02-06 23:58:02'),
(115, 4, 27, '[14, 15, 16, 17]', 100, 'completed', '2026-01-13 23:58:02', '2025-12-09 23:58:02', '2026-02-02 23:58:02'),
(116, 6, 27, '[21, 22, 23]', 75, 'active', NULL, '2026-01-14 23:58:02', '2026-01-28 23:58:02'),
(117, 7, 27, '[25, 26]', 67, 'active', NULL, '2026-01-08 23:58:02', '2026-01-29 23:58:02'),
(118, 8, 27, '[28]', 25, 'active', NULL, '2026-01-09 23:58:02', '2026-02-05 23:58:02'),
(119, 9, 28, '[]', 0, 'active', NULL, '2025-12-28 23:58:02', '2026-02-04 23:58:02'),
(120, 5, 28, '[18, 19, 20]', 100, 'completed', '2026-02-01 23:58:02', '2026-01-28 23:58:02', '2026-02-04 23:58:02'),
(121, 2, 28, '[6, 7, 8]', 75, 'active', NULL, '2026-01-27 23:58:02', '2026-02-04 23:58:02'),
(122, 6, 28, '[21, 22]', 50, 'active', NULL, '2026-01-17 23:58:02', '2026-02-06 23:58:02'),
(123, 3, 28, '[10]', 25, 'active', NULL, '2025-12-12 23:58:02', '2026-02-04 23:58:02'),
(124, 4, 28, '[]', 0, 'active', NULL, '2025-12-14 23:58:02', '2026-02-01 23:58:02'),
(125, 8, 28, '[28, 29, 30, 31]', 100, 'completed', '2026-01-20 23:58:02', '2026-01-17 23:58:02', '2026-02-04 23:58:02');

-- --------------------------------------------------------

--
-- Table structure for table `materis`
--

CREATE TABLE `materis` (
  `id` bigint UNSIGNED NOT NULL,
  `kelas_id` bigint UNSIGNED NOT NULL,
  `urutan` int NOT NULL DEFAULT '0',
  `judul` varchar(255) COLLATE utf8mb4_unicode_ci NOT NULL,
  `deskripsi` text COLLATE utf8mb4_unicode_ci NOT NULL,
  `konten` longtext COLLATE utf8mb4_unicode_ci NOT NULL,
  `created_at` timestamp NULL DEFAULT NULL,
  `updated_at` timestamp NULL DEFAULT NULL
) ENGINE=InnoDB DEFAULT CHARSET=utf8mb4 COLLATE=utf8mb4_unicode_ci;

--
-- Dumping data for table `materis`
--

INSERT INTO `materis` (`id`, `kelas_id`, `urutan`, `judul`, `deskripsi`, `konten`, `created_at`, `updated_at`) VALUES
(1, 1, 1, 'Pengenalan HTML', 'Mempelajari dasar-dasar HTML dan struktur halaman web', '<h2>Apa itu HTML?</h2><p>HTML (HyperText Markup Language) adalah bahasa markup standar untuk membuat halaman web. HTML mendeskripsikan struktur halaman web menggunakan elemen-elemen markup.</p><h3>Struktur Dasar HTML</h3><pre><code>&lt;!DOCTYPE html&gt;\\n&lt;html&gt;\\n&lt;head&gt;\\n  &lt;title&gt;Halaman Pertama&lt;/title&gt;\\n&lt;/head&gt;\\n&lt;body&gt;\\n  &lt;h1&gt;Hello World&lt;/h1&gt;\\n  &lt;p&gt;Ini adalah paragraf pertama saya.&lt;/p&gt;\\n&lt;/body&gt;\\n&lt;/html&gt;</code></pre><h3>Elemen HTML Penting</h3><ul><li><strong>Heading</strong>: h1 sampai h6 untuk judul</li><li><strong>Paragraf</strong>: p untuk teks paragraf</li><li><strong>Link</strong>: a untuk hyperlink</li><li><strong>Gambar</strong>: img untuk menampilkan gambar</li><li><strong>List</strong>: ul/ol dan li untuk daftar</li></ul>', '2026-02-07 23:58:00', '2026-02-07 23:58:00'),
(2, 1, 2, 'Dasar CSS', 'Memahami CSS untuk styling halaman web', '<h2>Apa itu CSS?</h2><p>CSS (Cascading Style Sheets) digunakan untuk mengatur tampilan dan layout halaman web. CSS memisahkan konten (HTML) dari presentasi visual.</p><h3>Cara Menggunakan CSS</h3><p>Ada 3 cara menambahkan CSS:</p><ol><li><strong>Inline</strong>: langsung di atribut style elemen</li><li><strong>Internal</strong>: di dalam tag style pada head</li><li><strong>External</strong>: file .css terpisah (direkomendasikan)</li></ol><h3>Selector CSS</h3><pre><code>/* Selector elemen */\\np { color: blue; }\\n\\n/* Selector class */\\n.container { max-width: 1200px; margin: 0 auto; }\\n\\n/* Selector ID */\\n#header { background-color: #333; color: white; }</code></pre><h3>Box Model</h3><p>Setiap elemen HTML dianggap sebagai kotak (box) yang terdiri dari: content, padding, border, dan margin.</p>', '2026-02-07 23:58:00', '2026-02-07 23:58:00'),
(3, 1, 3, 'JavaScript Dasar', 'Pengenalan JavaScript untuk interaktivitas web', '<h2>Apa itu JavaScript?</h2><p>JavaScript adalah bahasa pemrograman yang membuat halaman web menjadi interaktif. JavaScript berjalan di browser dan dapat memanipulasi konten HTML dan CSS secara dinamis.</p><h3>Variabel</h3><pre><code>let nama = \"Budi\";\\nconst umur = 25;\\nvar kota = \"Jakarta\"; // cara lama</code></pre><h3>Tipe Data</h3><ul><li>String: \"Hello World\"</li><li>Number: 42, 3.14</li><li>Boolean: true, false</li><li>Array: [1, 2, 3]</li><li>Object: {nama: \"Budi\", umur: 25}</li></ul><h3>Fungsi</h3><pre><code>function sapa(nama) {\\n  return \"Halo, \" + nama + \"!\";\\n}\\n\\nconst hasil = sapa(\"Budi\");\\nconsole.log(hasil); // \"Halo, Budi!\"</code></pre>', '2026-02-07 23:58:00', '2026-02-07 23:58:00'),
(4, 1, 4, 'DOM Manipulation', 'Memanipulasi Document Object Model dengan JavaScript', '<h2>Document Object Model (DOM)</h2><p>DOM adalah representasi terstruktur dari dokumen HTML. JavaScript dapat mengakses dan mengubah semua elemen HTML melalui DOM.</p><h3>Mengakses Elemen</h3><pre><code>// Berdasarkan ID\\nconst judul = document.getElementById(\"judul\");\\n\\n// Berdasarkan class\\nconst items = document.getElementsByClassName(\"item\");\\n\\n// Query selector\\nconst btn = document.querySelector(\".btn-primary\");\\nconst allCards = document.querySelectorAll(\".card\");</code></pre><h3>Mengubah Konten</h3><pre><code>judul.textContent = \"Judul Baru\";\\njudul.innerHTML = \"&lt;strong&gt;Judul Tebal&lt;/strong&gt;\";\\njudul.style.color = \"red\";</code></pre><h3>Event Listener</h3><pre><code>btn.addEventListener(\"click\", function() {\\n  alert(\"Tombol diklik!\");\\n});</code></pre>', '2026-02-07 23:58:00', '2026-02-07 23:58:00'),
(5, 1, 5, 'Responsive Web Design', 'Membuat website yang responsif di berbagai perangkat', '<h2>Responsive Web Design</h2><p>Responsive web design membuat halaman web terlihat baik di semua perangkat, dari desktop hingga smartphone.</p><h3>Viewport Meta Tag</h3><pre><code>&lt;meta name=\"viewport\" content=\"width=device-width, initial-scale=1.0\"&gt;</code></pre><h3>Media Queries</h3><pre><code>/* Desktop */\\n.container { width: 1200px; }\\n\\n/* Tablet */\\n@media (max-width: 768px) {\\n  .container { width: 100%; padding: 0 20px; }\\n}\\n\\n/* Mobile */\\n@media (max-width: 480px) {\\n  .nav { flex-direction: column; }\\n}</code></pre><h3>Flexbox</h3><pre><code>.flex-container {\\n  display: flex;\\n  justify-content: space-between;\\n  align-items: center;\\n  flex-wrap: wrap;\\n}</code></pre><h3>CSS Grid</h3><pre><code>.grid-container {\\n  display: grid;\\n  grid-template-columns: repeat(auto-fit, minmax(300px, 1fr));\\n  gap: 20px;\\n}</code></pre>', '2026-02-07 23:58:00', '2026-02-07 23:58:00'),
(6, 2, 1, 'Pengenalan Basis Data', 'Konsep dasar basis data dan sistem manajemen basis data', '<h2>Apa itu Basis Data?</h2><p>Basis data (database) adalah kumpulan data yang terorganisir dan saling berhubungan. Sistem Manajemen Basis Data (DBMS) adalah software yang digunakan untuk mengelola basis data.</p><h3>Jenis-jenis DBMS</h3><ul><li><strong>Relasional (RDBMS)</strong>: MySQL, PostgreSQL, Oracle, SQL Server</li><li><strong>NoSQL</strong>: MongoDB, Redis, Cassandra</li><li><strong>In-Memory</strong>: Redis, Memcached</li></ul><h3>Konsep Dasar</h3><ul><li><strong>Tabel</strong>: Kumpulan data dalam baris dan kolom</li><li><strong>Record/Baris</strong>: Satu entri data</li><li><strong>Field/Kolom</strong>: Atribut dari data</li><li><strong>Primary Key</strong>: Identitas unik setiap record</li><li><strong>Foreign Key</strong>: Referensi ke tabel lain</li></ul>', '2026-02-07 23:58:00', '2026-02-07 23:58:00'),
(7, 2, 2, 'SQL Dasar - DDL', 'Data Definition Language untuk membuat dan mengubah struktur tabel', '<h2>Data Definition Language (DDL)</h2><p>DDL digunakan untuk mendefinisikan struktur basis data seperti membuat, mengubah, dan menghapus tabel.</p><h3>CREATE TABLE</h3><pre><code>CREATE TABLE mahasiswa (\\n  id INT PRIMARY KEY AUTO_INCREMENT,\\n  nim VARCHAR(20) UNIQUE NOT NULL,\\n  nama VARCHAR(100) NOT NULL,\\n  jurusan VARCHAR(50),\\n  angkatan INT,\\n  created_at TIMESTAMP DEFAULT CURRENT_TIMESTAMP\\n);</code></pre><h3>ALTER TABLE</h3><pre><code>ALTER TABLE mahasiswa ADD COLUMN email VARCHAR(100);\\nALTER TABLE mahasiswa MODIFY COLUMN nama VARCHAR(150);\\nALTER TABLE mahasiswa DROP COLUMN angkatan;</code></pre><h3>DROP TABLE</h3><pre><code>DROP TABLE IF EXISTS mahasiswa;</code></pre>', '2026-02-07 23:58:00', '2026-02-07 23:58:00'),
(8, 2, 3, 'SQL Dasar - DML', 'Data Manipulation Language untuk mengelola data dalam tabel', '<h2>Data Manipulation Language (DML)</h2><p>DML digunakan untuk memanipulasi data dalam tabel: insert, select, update, delete.</p><h3>INSERT</h3><pre><code>INSERT INTO mahasiswa (nim, nama, jurusan, angkatan)\\nVALUES (\'2021001\', \'Budi Santoso\', \'Informatika\', 2021);\\n\\nINSERT INTO mahasiswa (nim, nama, jurusan, angkatan) VALUES\\n(\'2021002\', \'Siti Aminah\', \'Sistem Informasi\', 2021),\\n(\'2021003\', \'Andi Wijaya\', \'Informatika\', 2021);</code></pre><h3>SELECT</h3><pre><code>SELECT * FROM mahasiswa;\\nSELECT nama, jurusan FROM mahasiswa WHERE angkatan = 2021;\\nSELECT * FROM mahasiswa ORDER BY nama ASC LIMIT 10;</code></pre><h3>UPDATE</h3><pre><code>UPDATE mahasiswa SET jurusan = \'Teknik Informatika\' WHERE nim = \'2021001\';</code></pre><h3>DELETE</h3><pre><code>DELETE FROM mahasiswa WHERE nim = \'2021003\';</code></pre>', '2026-02-07 23:58:00', '2026-02-07 23:58:00'),
(9, 2, 4, 'SQL Lanjutan - JOIN', 'Menggabungkan data dari beberapa tabel menggunakan JOIN', '<h2>SQL JOIN</h2><p>JOIN digunakan untuk menggabungkan baris dari dua atau lebih tabel berdasarkan kolom yang berhubungan.</p><h3>INNER JOIN</h3><pre><code>SELECT m.nama, n.mata_kuliah, n.nilai\\nFROM mahasiswa m\\nINNER JOIN nilai n ON m.id = n.mahasiswa_id;</code></pre><h3>LEFT JOIN</h3><pre><code>SELECT m.nama, n.mata_kuliah, n.nilai\\nFROM mahasiswa m\\nLEFT JOIN nilai n ON m.id = n.mahasiswa_id;</code></pre><h3>RIGHT JOIN</h3><pre><code>SELECT m.nama, n.mata_kuliah\\nFROM mahasiswa m\\nRIGHT JOIN nilai n ON m.id = n.mahasiswa_id;</code></pre><h3>Aggregate Functions</h3><pre><code>SELECT jurusan, COUNT(*) as jumlah, AVG(ipk) as rata_ipk\\nFROM mahasiswa\\nGROUP BY jurusan\\nHAVING COUNT(*) > 5\\nORDER BY rata_ipk DESC;</code></pre>', '2026-02-07 23:58:00', '2026-02-07 23:58:00'),
(10, 3, 1, 'Pengenalan Jaringan Komputer', 'Konsep dasar jaringan komputer dan komunikasi data', '<h2>Jaringan Komputer</h2><p>Jaringan komputer adalah kumpulan komputer dan perangkat yang saling terhubung untuk berbagi sumber daya dan informasi.</p><h3>Jenis Jaringan</h3><ul><li><strong>LAN</strong> (Local Area Network): Jaringan lokal, misal dalam satu gedung</li><li><strong>MAN</strong> (Metropolitan Area Network): Jaringan dalam satu kota</li><li><strong>WAN</strong> (Wide Area Network): Jaringan luas, antar kota/negara</li><li><strong>Internet</strong>: Jaringan global</li></ul><h3>Topologi Jaringan</h3><ul><li><strong>Star</strong>: Semua node terhubung ke satu hub/switch</li><li><strong>Bus</strong>: Semua node terhubung ke satu kabel utama</li><li><strong>Ring</strong>: Node terhubung membentuk lingkaran</li><li><strong>Mesh</strong>: Setiap node terhubung ke semua node lain</li></ul>', '2026-02-07 23:58:00', '2026-02-07 23:58:00'),
(11, 3, 2, 'Model OSI Layer', 'Memahami 7 lapisan model OSI dalam komunikasi jaringan', '<h2>Model OSI (Open Systems Interconnection)</h2><p>Model OSI adalah kerangka konseptual yang menjelaskan bagaimana data dikirim melalui jaringan dalam 7 lapisan.</p><h3>7 Lapisan OSI</h3><ol><li><strong>Physical Layer</strong>: Kabel, sinyal listrik/optik</li><li><strong>Data Link Layer</strong>: MAC address, switch, frame</li><li><strong>Network Layer</strong>: IP address, routing, router</li><li><strong>Transport Layer</strong>: TCP/UDP, port, segmentasi</li><li><strong>Session Layer</strong>: Manajemen sesi komunikasi</li><li><strong>Presentation Layer</strong>: Enkripsi, kompresi, format data</li><li><strong>Application Layer</strong>: HTTP, FTP, SMTP, DNS</li></ol><h3>Enkapsulasi Data</h3><p>Saat data dikirim, setiap layer menambahkan header-nya sendiri. Proses ini disebut enkapsulasi. Di sisi penerima, header dilepas satu per satu (de-enkapsulasi).</p>', '2026-02-07 23:58:00', '2026-02-07 23:58:00'),
(12, 3, 3, 'Protokol TCP/IP', 'Memahami protokol TCP/IP sebagai fondasi internet', '<h2>Protokol TCP/IP</h2><p>TCP/IP (Transmission Control Protocol/Internet Protocol) adalah kumpulan protokol komunikasi yang menjadi fondasi internet.</p><h3>Layer TCP/IP</h3><ol><li><strong>Network Access</strong>: Ethernet, Wi-Fi</li><li><strong>Internet</strong>: IP, ICMP, ARP</li><li><strong>Transport</strong>: TCP (reliable), UDP (fast)</li><li><strong>Application</strong>: HTTP, DNS, FTP, SMTP</li></ol><h3>IP Address</h3><p>IPv4: 32-bit, format desimal bertitik (192.168.1.1)<br>IPv6: 128-bit, format heksadesimal (2001:0db8::1)</p><h3>Subnetting</h3><pre><code>IP Address: 192.168.1.0\\nSubnet Mask: 255.255.255.0 (/24)\\nNetwork: 192.168.1.0\\nBroadcast: 192.168.1.255\\nHost Range: 192.168.1.1 - 192.168.1.254\\nJumlah Host: 254</code></pre>', '2026-02-07 23:58:00', '2026-02-07 23:58:00'),
(13, 3, 4, 'Keamanan Jaringan Dasar', 'Pengenalan konsep keamanan dalam jaringan komputer', '<h2>Keamanan Jaringan</h2><p>Keamanan jaringan melibatkan kebijakan dan praktik untuk mencegah akses tidak sah, penyalahgunaan, atau modifikasi jaringan.</p><h3>Ancaman Keamanan</h3><ul><li><strong>Malware</strong>: Virus, worm, trojan, ransomware</li><li><strong>Phishing</strong>: Penipuan untuk mencuri data</li><li><strong>DDoS</strong>: Serangan membanjiri server dengan traffic</li><li><strong>Man-in-the-Middle</strong>: Menyadap komunikasi</li></ul><h3>Mekanisme Keamanan</h3><ul><li><strong>Firewall</strong>: Menyaring traffic masuk dan keluar</li><li><strong>Enkripsi</strong>: SSL/TLS untuk mengamankan data dalam transit</li><li><strong>VPN</strong>: Virtual Private Network untuk koneksi aman</li><li><strong>IDS/IPS</strong>: Intrusion Detection/Prevention System</li></ul><h3>Best Practice</h3><ul><li>Update software secara berkala</li><li>Gunakan password yang kuat</li><li>Aktifkan two-factor authentication</li><li>Backup data secara rutin</li></ul>', '2026-02-07 23:58:00', '2026-02-07 23:58:00'),
(14, 4, 1, 'Pengenalan Java', 'Dasar-dasar bahasa pemrograman Java dan lingkungan pengembangan', '<h2>Bahasa Pemrograman Java</h2><p>Java adalah bahasa pemrograman berorientasi objek yang dikembangkan oleh Sun Microsystems. Java mengikuti prinsip \"Write Once, Run Anywhere\" (WORA).</p><h3>Instalasi JDK</h3><p>Untuk memulai pemrograman Java, Anda memerlukan Java Development Kit (JDK) yang dapat diunduh dari Oracle atau menggunakan OpenJDK.</p><h3>Program Java Pertama</h3><pre><code>public class HelloWorld {\\n    public static void main(String[] args) {\\n        System.out.println(\"Hello, World!\");\\n    }\\n}</code></pre><h3>Tipe Data Primitif</h3><ul><li><strong>byte</strong>: 8-bit (-128 to 127)</li><li><strong>int</strong>: 32-bit integer</li><li><strong>long</strong>: 64-bit integer</li><li><strong>float</strong>: 32-bit floating point</li><li><strong>double</strong>: 64-bit floating point</li><li><strong>boolean</strong>: true/false</li><li><strong>char</strong>: karakter Unicode</li></ul>', '2026-02-07 23:58:00', '2026-02-07 23:58:00'),
(15, 4, 2, 'OOP di Java', 'Konsep Object-Oriented Programming dalam Java', '<h2>Object-Oriented Programming</h2><p>OOP adalah paradigma pemrograman yang mengorganisir software dalam bentuk objek yang memiliki data (atribut) dan perilaku (method).</p><h3>4 Pilar OOP</h3><ol><li><strong>Encapsulation</strong>: Menyembunyi detail implementasi</li><li><strong>Inheritance</strong>: Pewarisan sifat dari kelas induk</li><li><strong>Polymorphism</strong>: Satu interface, banyak implementasi</li><li><strong>Abstraction</strong>: Menyederhanakan kompleksitas</li></ol><h3>Contoh Class dan Object</h3><pre><code>public class Mahasiswa {\\n    private String nama;\\n    private String nim;\\n    private double ipk;\\n\\n    public Mahasiswa(String nama, String nim) {\\n        this.nama = nama;\\n        this.nim = nim;\\n    }\\n\\n    public String getNama() {\\n        return nama;\\n    }\\n\\n    public void setIpk(double ipk) {\\n        this.ipk = ipk;\\n    }\\n}</code></pre>', '2026-02-07 23:58:00', '2026-02-07 23:58:00'),
(16, 4, 3, 'Exception Handling', 'Penanganan error dan exception di Java', '<h2>Exception Handling di Java</h2><p>Exception handling adalah mekanisme untuk menangani error yang terjadi saat program berjalan (runtime error).</p><h3>Try-Catch-Finally</h3><pre><code>try {\\n    int hasil = 10 / 0;\\n} catch (ArithmeticException e) {\\n    System.out.println(\"Error: \" + e.getMessage());\\n} finally {\\n    System.out.println(\"Block ini selalu dijalankan\");\\n}</code></pre><h3>Jenis Exception</h3><ul><li><strong>Checked Exception</strong>: IOException, SQLException (harus di-handle)</li><li><strong>Unchecked Exception</strong>: NullPointerException, ArrayIndexOutOfBoundsException</li><li><strong>Error</strong>: OutOfMemoryError, StackOverflowError</li></ul><h3>Custom Exception</h3><pre><code>public class SaldoTidakCukupException extends Exception {\\n    public SaldoTidakCukupException(String message) {\\n        super(message);\\n    }\\n}</code></pre>', '2026-02-07 23:58:00', '2026-02-07 23:58:00'),
(17, 4, 4, 'Collection Framework', 'Struktur data Collection di Java: List, Set, Map', '<h2>Java Collection Framework</h2><p>Collection Framework menyediakan arsitektur untuk menyimpan dan memanipulasi kumpulan objek.</p><h3>List</h3><pre><code>List&lt;String&gt; daftar = new ArrayList&lt;&gt;();\\ndaftar.add(\"Java\");\\ndaftar.add(\"Python\");\\ndaftar.add(\"Go\");\\n\\nfor (String bahasa : daftar) {\\n    System.out.println(bahasa);\\n}</code></pre><h3>Set</h3><pre><code>Set&lt;Integer&gt; angka = new HashSet&lt;&gt;();\\nangka.add(1);\\nangka.add(2);\\nangka.add(1); // diabaikan, tidak ada duplikasi</code></pre><h3>Map</h3><pre><code>Map&lt;String, Integer&gt; nilai = new HashMap&lt;&gt;();\\nnilai.put(\"Matematika\", 90);\\nnilai.put(\"Fisika\", 85);\\n\\nint mathScore = nilai.get(\"Matematika\"); // 90</code></pre>', '2026-02-07 23:58:00', '2026-02-07 23:58:00'),
(18, 5, 1, 'Pengenalan UI/UX Design', 'Memahami perbedaan dan pentingnya UI dan UX dalam desain digital', '<h2>UI vs UX</h2><p><strong>UI (User Interface)</strong> adalah tampilan visual yang dilihat dan diinteraksikan pengguna. <strong>UX (User Experience)</strong> adalah keseluruhan pengalaman pengguna saat menggunakan produk.</p><h3>Prinsip Desain UI</h3><ul><li><strong>Konsistensi</strong>: Elemen serupa harus terlihat dan berfungsi sama</li><li><strong>Hierarchy</strong>: Elemen penting harus lebih menonjol</li><li><strong>Feedback</strong>: Sistem harus memberikan respons atas aksi pengguna</li><li><strong>Simplicity</strong>: Jaga kesederhanaan desain</li></ul><h3>Prinsip Desain UX</h3><ul><li><strong>User-Centered Design</strong>: Fokus pada kebutuhan pengguna</li><li><strong>Accessibility</strong>: Dapat diakses semua pengguna</li><li><strong>Usability</strong>: Mudah digunakan dan dipelajari</li><li><strong>Desirability</strong>: Menarik dan menyenangkan</li></ul>', '2026-02-07 23:58:00', '2026-02-07 23:58:00'),
(19, 5, 2, 'Wireframing dan Prototyping', 'Teknik membuat wireframe dan prototype untuk desain aplikasi', '<h2>Wireframing</h2><p>Wireframe adalah kerangka visual sederhana yang menunjukkan layout dan struktur halaman tanpa detail visual.</p><h3>Jenis Wireframe</h3><ul><li><strong>Low-fidelity</strong>: Sketsa tangan, blok sederhana</li><li><strong>Mid-fidelity</strong>: Digital, lebih detail tapi tanpa warna</li><li><strong>High-fidelity</strong>: Detail lengkap mendekati desain final</li></ul><h3>Tools Wireframing</h3><ul><li>Figma (gratis dan populer)</li><li>Adobe XD</li><li>Sketch (Mac only)</li><li>Balsamiq (low-fidelity)</li></ul><h3>Prototyping</h3><p>Prototype adalah model interaktif dari produk yang memungkinkan pengujian alur dan fungsionalitas sebelum development.</p><ul><li><strong>Clickable prototype</strong>: Navigasi antar halaman</li><li><strong>Interactive prototype</strong>: Animasi dan transisi</li><li><strong>Functional prototype</strong>: Logika dan data dummy</li></ul>', '2026-02-07 23:58:00', '2026-02-07 23:58:00'),
(20, 5, 3, 'Teori Warna dan Tipografi', 'Penerapan teori warna dan pemilihan tipografi yang tepat', '<h2>Teori Warna</h2><p>Warna mempengaruhi emosi dan persepsi pengguna terhadap produk digital.</p><h3>Color Wheel</h3><ul><li><strong>Primary</strong>: Merah, Biru, Kuning</li><li><strong>Secondary</strong>: Hijau, Orange, Ungu</li><li><strong>Tertiary</strong>: Campuran primary + secondary</li></ul><h3>Skema Warna</h3><ul><li><strong>Complementary</strong>: Warna berseberangan</li><li><strong>Analogous</strong>: Warna bersebelahan</li><li><strong>Triadic</strong>: 3 warna berjarak sama</li><li><strong>Monochromatic</strong>: Variasi satu warna</li></ul><h3>Tipografi</h3><ul><li><strong>Serif</strong>: Times New Roman, Georgia (formal, tradisional)</li><li><strong>Sans-serif</strong>: Arial, Helvetica, Inter (modern, bersih)</li><li><strong>Monospace</strong>: Courier, Fira Code (kode/teknikal)</li></ul><p><strong>Aturan tipografi</strong>: Maksimal 2-3 font dalam satu desain. Gunakan ukuran yang kontras untuk hierarchy.</p>', '2026-02-07 23:58:00', '2026-02-07 23:58:00'),
(21, 6, 1, 'Pengenalan Algoritma', 'Memahami konsep algoritma, pseudocode, dan flowchart', '<h2>Apa itu Algoritma?</h2><p>Algoritma adalah sekumpulan langkah-langkah logis dan sistematis untuk menyelesaikan suatu masalah.</p><h3>Karakteristik Algoritma</h3><ul><li><strong>Input</strong>: Memiliki nol atau lebih masukan</li><li><strong>Output</strong>: Memiliki satu atau lebih keluaran</li><li><strong>Definiteness</strong>: Langkah-langkah jelas dan tidak ambigu</li><li><strong>Finiteness</strong>: Harus berakhir setelah sejumlah langkah</li><li><strong>Effectiveness</strong>: Setiap langkah harus bisa dilaksanakan</li></ul><h3>Pseudocode</h3><pre><code>ALGORITMA CariNilaiMaksimum\\nINPUT: array A[1..n]\\nOUTPUT: nilai maksimum\\n\\nmaks  A[1]\\nFOR i  2 TO n DO\\n    IF A[i] > maks THEN\\n        maks  A[i]\\n    ENDIF\\nENDFOR\\nRETURN maks</code></pre><h3>Kompleksitas Algoritma (Big-O)</h3><ul><li>O(1) - Constant</li><li>O(log n) - Logarithmic</li><li>O(n) - Linear</li><li>O(n log n) - Linearithmic</li><li>O(n) - Quadratic</li></ul>', '2026-02-07 23:58:00', '2026-02-07 23:58:00'),
(22, 6, 2, 'Array dan Linked List', 'Struktur data linear: array, linked list, dan perbandingannya', '<h2>Array</h2><p>Array adalah struktur data yang menyimpan elemen-elemen dengan tipe yang sama secara berurutan di memori.</p><h3>Operasi Array</h3><ul><li><strong>Akses</strong>: O(1) - langsung via indeks</li><li><strong>Pencarian</strong>: O(n) - linear search</li><li><strong>Insersi</strong>: O(n) - perlu menggeser elemen</li><li><strong>Penghapusan</strong>: O(n) - perlu menggeser elemen</li></ul><h2>Linked List</h2><p>Linked List menyimpan data dalam node yang saling terhubung melalui pointer.</p><h3>Jenis Linked List</h3><ul><li><strong>Singly Linked List</strong>: Node menunjuk ke node berikutnya</li><li><strong>Doubly Linked List</strong>: Node menunjuk ke depan dan belakang</li><li><strong>Circular Linked List</strong>: Node terakhir menunjuk ke node pertama</li></ul><h3>Perbandingan</h3><table><tr><th>Operasi</th><th>Array</th><th>Linked List</th></tr><tr><td>Akses</td><td>O(1)</td><td>O(n)</td></tr><tr><td>Insersi awal</td><td>O(n)</td><td>O(1)</td></tr><tr><td>Hapus awal</td><td>O(n)</td><td>O(1)</td></tr></table>', '2026-02-07 23:58:00', '2026-02-07 23:58:00'),
(23, 6, 3, 'Stack dan Queue', 'Memahami struktur data stack (LIFO) dan queue (FIFO)', '<h2>Stack</h2><p>Stack adalah struktur data LIFO (Last In, First Out). Elemen terakhir yang dimasukkan akan pertama kali dikeluarkan.</p><h3>Operasi Stack</h3><ul><li><strong>push(x)</strong>: Menambah elemen ke atas stack</li><li><strong>pop()</strong>: Menghapus elemen teratas</li><li><strong>peek()</strong>: Melihat elemen teratas tanpa menghapus</li><li><strong>isEmpty()</strong>: Cek apakah stack kosong</li></ul><h3>Contoh Penggunaan Stack</h3><ul><li>Undo/Redo pada text editor</li><li>Call stack pada eksekusi program</li><li>Validasi tanda kurung: {[()]}</li></ul><h2>Queue</h2><p>Queue adalah struktur data FIFO (First In, First Out). Elemen pertama yang dimasukkan akan pertama kali dikeluarkan.</p><h3>Operasi Queue</h3><ul><li><strong>enqueue(x)</strong>: Menambah elemen ke belakang</li><li><strong>dequeue()</strong>: Menghapus elemen terdepan</li><li><strong>front()</strong>: Melihat elemen terdepan</li></ul><h3>Contoh Penggunaan Queue</h3><ul><li>Antrian printer</li><li>BFS (Breadth-First Search)</li><li>Task scheduling</li></ul>', '2026-02-07 23:58:00', '2026-02-07 23:58:00'),
(24, 6, 4, 'Sorting Algorithms', 'Algoritma pengurutan: bubble sort, selection sort, merge sort, quick sort', '<h2>Algoritma Sorting</h2><p>Sorting adalah proses mengurutkan elemen-elemen data berdasarkan kriteria tertentu.</p><h3>Bubble Sort - O(n)</h3><pre><code>for i = 0 to n-1:\\n    for j = 0 to n-i-2:\\n        if arr[j] > arr[j+1]:\\n            swap(arr[j], arr[j+1])</code></pre><h3>Selection Sort - O(n)</h3><pre><code>for i = 0 to n-1:\\n    minIdx = i\\n    for j = i+1 to n-1:\\n        if arr[j] < arr[minIdx]:\\n            minIdx = j\\n    swap(arr[i], arr[minIdx])</code></pre><h3>Merge Sort - O(n log n)</h3><p>Menggunakan strategi divide and conquer. Membagi array menjadi dua bagian, mengurutkan masing-masing, lalu menggabungkannya.</p><h3>Quick Sort - O(n log n) average</h3><p>Memilih pivot, mempartisi array menjadi elemen lebih kecil dan lebih besar dari pivot, kemudian mengurutkan masing-masing partisi secara rekursif.</p><h3>Perbandingan</h3><table><tr><th>Algoritma</th><th>Best</th><th>Average</th><th>Worst</th><th>Stable</th></tr><tr><td>Bubble Sort</td><td>O(n)</td><td>O(n)</td><td>O(n)</td><td>Ya</td></tr><tr><td>Quick Sort</td><td>O(n log n)</td><td>O(n log n)</td><td>O(n)</td><td>Tidak</td></tr><tr><td>Merge Sort</td><td>O(n log n)</td><td>O(n log n)</td><td>O(n log n)</td><td>Ya</td></tr></table>', '2026-02-07 23:58:00', '2026-02-07 23:58:00'),
(25, 7, 1, 'Pengenalan Sistem Operasi', 'Konsep dasar sistem operasi dan fungsinya', '<h2>Apa itu Sistem Operasi?</h2><p>Sistem Operasi (OS) adalah perangkat lunak yang mengelola sumber daya hardware dan menyediakan layanan untuk program aplikasi.</p><h3>Fungsi Utama OS</h3><ul><li><strong>Manajemen Proses</strong>: Membuat, menjadwalkan, dan menghentikan proses</li><li><strong>Manajemen Memori</strong>: Alokasi dan dealokasi memori</li><li><strong>Manajemen File</strong>: Organisasi dan akses file di storage</li><li><strong>Manajemen I/O</strong>: Mengelola perangkat input/output</li><li><strong>Keamanan</strong>: Autentikasi dan otorisasi pengguna</li></ul><h3>Jenis Sistem Operasi</h3><ul><li><strong>Desktop</strong>: Windows, macOS, Linux</li><li><strong>Server</strong>: Ubuntu Server, CentOS, Windows Server</li><li><strong>Mobile</strong>: Android, iOS</li><li><strong>Embedded</strong>: RTOS, FreeRTOS</li></ul>', '2026-02-07 23:58:00', '2026-02-07 23:58:00'),
(26, 7, 2, 'Manajemen Proses', 'Process scheduling, states, dan inter-process communication', '<h2>Proses dan Thread</h2><p>Proses adalah program yang sedang dieksekusi. Thread adalah unit terkecil dari eksekusi dalam sebuah proses.</p><h3>Status Proses</h3><ul><li><strong>New</strong>: Proses baru dibuat</li><li><strong>Ready</strong>: Siap dieksekusi, menunggu CPU</li><li><strong>Running</strong>: Sedang dieksekusi oleh CPU</li><li><strong>Waiting</strong>: Menunggu event (I/O, dll)</li><li><strong>Terminated</strong>: Selesai dieksekusi</li></ul><h3>Algoritma Scheduling</h3><ul><li><strong>FCFS</strong> (First Come, First Served)</li><li><strong>SJF</strong> (Shortest Job First)</li><li><strong>Round Robin</strong>: Setiap proses mendapat waktu eksekusi yang sama</li><li><strong>Priority Scheduling</strong>: Berdasarkan prioritas proses</li></ul><h3>Context Switching</h3><p>Context switching adalah proses menyimpan state proses yang sedang berjalan dan memuat state proses lain. Ini terjadi saat CPU berpindah dari satu proses ke proses lain.</p>', '2026-02-07 23:58:00', '2026-02-07 23:58:00'),
(27, 7, 3, 'Manajemen Memori', 'Teknik manajemen memori: paging, segmentation, virtual memory', '<h2>Manajemen Memori</h2><p>Manajemen memori bertanggung jawab atas alokasi dan dealokasi ruang memori untuk proses.</p><h3>Partisi Memori</h3><ul><li><strong>Contiguous Allocation</strong>: Setiap proses mendapat blok memori berurutan</li><li><strong>Non-contiguous</strong>: Proses dapat tersebar di memori</li></ul><h3>Paging</h3><p>Membagi memori fisik menjadi frame dan memori logis menjadi page dengan ukuran sama. Page table memetakan page ke frame.</p><h3>Virtual Memory</h3><p>Virtual memory memungkinkan eksekusi proses yang tidak sepenuhnya berada di memori fisik.</p><ul><li><strong>Demand Paging</strong>: Page dimuat hanya saat dibutuhkan</li><li><strong>Page Fault</strong>: Terjadi saat page yang dibutuhkan tidak ada di memori</li><li><strong>Page Replacement</strong>: FIFO, LRU, Optimal</li></ul><h3>Thrashing</h3><p>Thrashing terjadi ketika sistem menghabiskan lebih banyak waktu untuk page swapping daripada eksekusi proses.</p>', '2026-02-07 23:58:00', '2026-02-07 23:58:00'),
(28, 8, 1, 'Pengenalan Python', 'Dasar-dasar Python: syntax, variabel, tipe data', '<h2>Bahasa Python</h2><p>Python adalah bahasa pemrograman tingkat tinggi yang mudah dipelajari dengan syntax yang bersih dan readable.</p><h3>HelloWorld</h3><pre><code>print(\"Hello, World!\")</code></pre><h3>Variabel dan Tipe Data</h3><pre><code># String\\nnama = \"Budi\"\\n\\n# Integer\\numur = 25\\n\\n# Float\\ntinggi = 175.5\\n\\n# Boolean\\naktif = True\\n\\n# List\\nhobi = [\"membaca\", \"coding\", \"gaming\"]\\n\\n# Dictionary\\nmahasiswa = {\"nama\": \"Budi\", \"nim\": \"2021001\"}\\n\\n# Tuple\\nkoordinat = (3, 5)</code></pre><h3>Operator</h3><pre><code># Aritmatika\\nhasil = 10 + 3    # 13\\nhasil = 10 ** 2   # 100 (pangkat)\\nhasil = 10 // 3   # 3 (floor division)\\nhasil = 10 % 3    # 1 (modulo)</code></pre>', '2026-02-07 23:58:00', '2026-02-07 23:58:00'),
(29, 8, 2, 'Kontrol Alur dan Fungsi', 'If-else, loop, dan fungsi di Python', '<h2>Kontrol Alur</h2><h3>If-Else</h3><pre><code>nilai = 85\\n\\nif nilai >= 80:\\n    grade = \"A\"\\nelif nilai >= 70:\\n    grade = \"B\"\\nelif nilai >= 60:\\n    grade = \"C\"\\nelse:\\n    grade = \"D\"\\n\\nprint(f\"Grade: {grade}\")</code></pre><h3>Loop</h3><pre><code># For loop\\nfor i in range(5):\\n    print(i)  # 0, 1, 2, 3, 4\\n\\n# While loop\\ncount = 0\\nwhile count < 5:\\n    print(count)\\n    count += 1\\n\\n# List comprehension\\nkuadrat = [x**2 for x in range(10)]</code></pre><h3>Fungsi</h3><pre><code>def hitung_luas(panjang, lebar):\\n    \"\"\"Menghitung luas persegi panjang\"\"\"\\n    return panjang * lebar\\n\\nluas = hitung_luas(10, 5)\\nprint(f\"Luas: {luas}\")  # 50\\n\\n# Lambda\\nkuadrat = lambda x: x ** 2\\nprint(kuadrat(4))  # 16</code></pre>', '2026-02-07 23:58:00', '2026-02-07 23:58:00'),
(30, 8, 3, 'OOP di Python', 'Pemrograman berorientasi objek dengan Python', '<h2>OOP di Python</h2><h3>Class dan Object</h3><pre><code>class Mahasiswa:\\n    def __init__(self, nama, nim):\\n        self.nama = nama\\n        self.nim = nim\\n        self.nilai = []\\n    \\n    def tambah_nilai(self, nilai):\\n        self.nilai.append(nilai)\\n    \\n    def rata_rata(self):\\n        if not self.nilai:\\n            return 0\\n        return sum(self.nilai) / len(self.nilai)\\n    \\n    def __str__(self):\\n        return f\"{self.nama} ({self.nim})\"\\n\\n# Membuat objek\\nmhs = Mahasiswa(\"Budi\", \"2021001\")\\nmhs.tambah_nilai(85)\\nmhs.tambah_nilai(90)\\nprint(mhs.rata_rata())  # 87.5</code></pre><h3>Inheritance</h3><pre><code>class MahasiswaBeasiswa(Mahasiswa):\\n    def __init__(self, nama, nim, jenis_beasiswa):\\n        super().__init__(nama, nim)\\n        self.jenis_beasiswa = jenis_beasiswa\\n    \\n    def info(self):\\n        return f\"{self.nama} - Beasiswa {self.jenis_beasiswa}\"</code></pre>', '2026-02-07 23:58:00', '2026-02-07 23:58:00'),
(31, 8, 4, 'Module dan Package', 'Penggunaan module, package, dan pip di Python', '<h2>Module dan Package</h2><h3>Import Module</h3><pre><code># Import seluruh module\\nimport math\\nprint(math.sqrt(16))  # 4.0\\n\\n# Import spesifik\\nfrom datetime import datetime\\nprint(datetime.now())\\n\\n# Import dengan alias\\nimport numpy as np\\narr = np.array([1, 2, 3])</code></pre><h3>Membuat Module</h3><pre><code># file: utils.py\\ndef hitung_diskon(harga, persen):\\n    return harga * (1 - persen/100)\\n\\ndef format_rupiah(nominal):\\n    return f\"Rp {nominal:,.0f}\"\\n\\n# file: main.py\\nfrom utils import hitung_diskon, format_rupiah\\nharga = hitung_diskon(100000, 20)\\nprint(format_rupiah(harga))  # Rp 80,000</code></pre><h3>Pip (Package Manager)</h3><pre><code># Install package\\npip install requests flask pandas\\n\\n# Install dari requirements.txt\\npip install -r requirements.txt\\n\\n# Freeze dependencies\\npip freeze > requirements.txt</code></pre><h3>Virtual Environment</h3><pre><code>python -m venv myenv\\nmyenv\\Scripts\\activate  # Windows\\nsource myenv/bin/activate  # Linux/Mac</code></pre>', '2026-02-07 23:58:01', '2026-02-07 23:58:01'),
(32, 9, 1, 'Pengenalan Keamanan Siber', 'Konsep dasar cybersecurity dan CIA Triad', '<h2>Keamanan Siber (Cybersecurity)</h2><p>Keamanan siber adalah praktik melindungi sistem, jaringan, dan program dari serangan digital.</p><h3>CIA Triad</h3><ul><li><strong>Confidentiality</strong> (Kerahasiaan): Memastikan data hanya diakses oleh pihak yang berwenang</li><li><strong>Integrity</strong> (Integritas): Memastikan data tidak diubah tanpa otorisasi</li><li><strong>Availability</strong> (Ketersediaan): Memastikan sistem dan data tersedia saat dibutuhkan</li></ul><h3>Jenis Ancaman</h3><ul><li><strong>Malware</strong>: Virus, worm, trojan horse, ransomware, spyware</li><li><strong>Social Engineering</strong>: Phishing, baiting, pretexting</li><li><strong>Injection Attacks</strong>: SQL injection, XSS, command injection</li><li><strong>DoS/DDoS</strong>: Membanjiri server dengan request berlebihan</li><li><strong>Insider Threat</strong>: Ancaman dari dalam organisasi</li></ul>', '2026-02-07 23:58:01', '2026-02-07 23:58:01'),
(33, 9, 2, 'Kriptografi', 'Dasar kriptografi: enkripsi, hashing, dan digital signature', '<h2>Kriptografi</h2><p>Kriptografi adalah ilmu dan seni mengamankan komunikasi dan data dari pihak yang tidak berwenang.</p><h3>Enkripsi Simetris</h3><p>Menggunakan satu kunci untuk enkripsi dan dekripsi.</p><ul><li><strong>AES</strong> (Advanced Encryption Standard): Standar enkripsi modern</li><li><strong>DES</strong>: Sudah usang, digantikan AES</li><li><strong>3DES</strong>: DES tiga kali, lebih aman tapi lambat</li></ul><h3>Enkripsi Asimetris</h3><p>Menggunakan pasangan kunci publik dan privat.</p><ul><li><strong>RSA</strong>: Enkripsi asimetris paling populer</li><li><strong>ECC</strong>: Lebih efisien dari RSA</li></ul><h3>Hashing</h3><p>Hashing mengubah data menjadi string dengan panjang tetap (one-way function).</p><ul><li><strong>MD5</strong>: 128-bit (tidak aman lagi)</li><li><strong>SHA-256</strong>: 256-bit (standar saat ini)</li><li><strong>bcrypt</strong>: Khusus untuk password</li></ul><h3>Digital Signature</h3><p>Menggabungkan hashing dan enkripsi asimetris untuk memverifikasi keaslian dan integritas dokumen.</p>', '2026-02-07 23:58:01', '2026-02-07 23:58:01'),
(34, 9, 3, 'Web Application Security', 'Keamanan aplikasi web: OWASP Top 10 dan best practices', '<h2>Keamanan Aplikasi Web</h2><h3>OWASP Top 10</h3><ol><li><strong>Injection</strong>: SQL injection, NoSQL injection</li><li><strong>Broken Authentication</strong>: Kelemahan autentikasi</li><li><strong>Sensitive Data Exposure</strong>: Data sensitif tidak terenkripsi</li><li><strong>XML External Entities (XXE)</strong>: Eksploitasi parser XML</li><li><strong>Broken Access Control</strong>: Kontrol akses tidak tepat</li><li><strong>Security Misconfiguration</strong>: Konfigurasi tidak aman</li><li><strong>Cross-Site Scripting (XSS)</strong>: Injeksi script berbahaya</li><li><strong>Insecure Deserialization</strong>: Deserialisasi tidak aman</li><li><strong>Using Known Vulnerabilities</strong>: Komponen dengan kerentanan</li><li><strong>Insufficient Logging</strong>: Logging dan monitoring kurang</li></ol><h3>Pencegahan SQL Injection</h3><pre><code>// Buruk (vulnerable)\\n$query = \"SELECT * FROM users WHERE email = \'$email\'\";\\n\\n// Baik (parameterized query)\\n$stmt = $pdo->prepare(\"SELECT * FROM users WHERE email = ?\");\\n$stmt->execute([$email]);</code></pre>', '2026-02-07 23:58:01', '2026-02-07 23:58:01'),
(35, 10, 1, 'Pengenalan Cloud Computing', 'Konsep dasar cloud computing dan model layanan', '<h2>Cloud Computing</h2><p>Cloud computing adalah penyediaan sumber daya komputasi (server, storage, database, networking, software) melalui internet.</p><h3>Model Layanan</h3><ul><li><strong>IaaS</strong> (Infrastructure as a Service): VM, storage, networking. Contoh: AWS EC2, Google Compute Engine</li><li><strong>PaaS</strong> (Platform as a Service): Platform untuk develop dan deploy. Contoh: Heroku, Google App Engine</li><li><strong>SaaS</strong> (Software as a Service): Aplikasi siap pakai. Contoh: Gmail, Office 365, Salesforce</li></ul><h3>Model Deployment</h3><ul><li><strong>Public Cloud</strong>: Infrastruktur milik provider, diakses via internet</li><li><strong>Private Cloud</strong>: Infrastruktur milik organisasi</li><li><strong>Hybrid Cloud</strong>: Kombinasi public dan private</li><li><strong>Multi-Cloud</strong>: Menggunakan lebih dari satu provider</li></ul><h3>Keuntungan Cloud</h3><ul><li>Skalabilitas otomatis</li><li>Bayar sesuai penggunaan (pay-as-you-go)</li><li>Tidak perlu investasi hardware</li><li>Aksesibilitas global</li></ul>', '2026-02-07 23:58:01', '2026-02-07 23:58:01'),
(36, 10, 2, 'Virtualisasi dan Container', 'Memahami virtualisasi, VM, Docker, dan Kubernetes', '<h2>Virtualisasi</h2><p>Virtualisasi memungkinkan menjalankan beberapa sistem operasi pada satu mesin fisik.</p><h3>Virtual Machine (VM)</h3><ul><li>Menjalankan OS lengkap di atas hypervisor</li><li>Isolasi penuh antar VM</li><li>Overhead besar (GB per VM)</li><li>Tools: VMware, VirtualBox, Hyper-V</li></ul><h3>Container</h3><ul><li>Menjalankan aplikasi dalam lingkungan terisolasi</li><li>Berbagi kernel OS host</li><li>Ringan (MB per container)</li><li>Startup cepat (detik vs menit)</li></ul><h3>Docker</h3><pre><code># Dockerfile\\nFROM node:18-alpine\\nWORKDIR /app\\nCOPY package*.json ./\\nRUN npm install\\nCOPY . .\\nEXPOSE 3000\\nCMD [\"npm\", \"start\"]</code></pre><pre><code># Docker commands\\ndocker build -t myapp .\\ndocker run -p 3000:3000 myapp\\ndocker-compose up -d</code></pre><h3>Kubernetes (K8s)</h3><p>Kubernetes adalah platform orchestration untuk mengelola container dalam skala besar: auto-scaling, self-healing, load balancing.</p>', '2026-02-07 23:58:01', '2026-02-07 23:58:01'),
(37, 10, 3, 'Cloud Services dan Deployment', 'Layanan cloud populer dan cara deployment aplikasi', '<h2>Cloud Providers</h2><h3>Amazon Web Services (AWS)</h3><ul><li><strong>EC2</strong>: Virtual server</li><li><strong>S3</strong>: Object storage</li><li><strong>RDS</strong>: Managed database</li><li><strong>Lambda</strong>: Serverless function</li><li><strong>CloudFront</strong>: CDN</li></ul><h3>Google Cloud Platform (GCP)</h3><ul><li><strong>Compute Engine</strong>: Virtual server</li><li><strong>Cloud Storage</strong>: Object storage</li><li><strong>Cloud SQL</strong>: Managed database</li><li><strong>Cloud Functions</strong>: Serverless function</li></ul><h3>CI/CD Pipeline</h3><pre><code># .github/workflows/deploy.yml\\nname: Deploy\\non:\\n  push:\\n    branches: [main]\\njobs:\\n  deploy:\\n    runs-on: ubuntu-latest\\n    steps:\\n      - uses: actions/checkout@v3\\n      - name: Build\\n        run: npm run build\\n      - name: Deploy\\n        run: ./deploy.sh</code></pre><h3>Best Practices</h3><ul><li>Infrastructure as Code (Terraform, CloudFormation)</li><li>Environment variables untuk konfigurasi</li><li>Blue-green deployment untuk zero downtime</li><li>Monitoring dan logging terpusat</li></ul>', '2026-02-07 23:58:01', '2026-02-07 23:58:01');

-- --------------------------------------------------------

--
-- Table structure for table `migrations`
--

CREATE TABLE `migrations` (
  `id` int UNSIGNED NOT NULL,
  `migration` varchar(255) COLLATE utf8mb4_unicode_ci NOT NULL,
  `batch` int NOT NULL
) ENGINE=InnoDB DEFAULT CHARSET=utf8mb4 COLLATE=utf8mb4_unicode_ci;

--
-- Dumping data for table `migrations`
--

INSERT INTO `migrations` (`id`, `migration`, `batch`) VALUES
(1, '0001_01_01_000000_create_users_table', 1),
(2, '0001_01_01_000001_create_cache_table', 1),
(3, '0001_01_01_000002_create_jobs_table', 1),
(4, '2025_11_18_035215_create_permission_tables', 1),
(5, '2025_11_18_073050_create_kelas_table', 1),
(6, '2025_11_18_073138_create_materis_table', 1),
(7, '2025_11_18_073154_create_soals_table', 1),
(8, '2025_11_18_073334_create_hasil_ujians_table', 1),
(9, '2025_11_18_085831_create_personal_access_tokens_table', 1),
(10, '2025_11_18_092512_kelas_user', 1),
(11, '2025_11_18_100000_add_unique_constraint_hasil_ujians', 1),
(12, '2025_11_19_031525_jawaban_users', 1),
(13, '2026_02_08_000001_add_urutan_to_materis_table', 1),
(14, '2026_02_08_000002_add_status_to_kelas_user_table', 1),
(15, '2026_02_08_000003_create_sertifikats_table', 1),
(16, '2026_02_08_000004_add_lulus_to_hasil_ujians_table', 1);

-- --------------------------------------------------------

--
-- Table structure for table `model_has_permissions`
--

CREATE TABLE `model_has_permissions` (
  `permission_id` bigint UNSIGNED NOT NULL,
  `model_type` varchar(255) COLLATE utf8mb4_unicode_ci NOT NULL,
  `model_id` bigint UNSIGNED NOT NULL
) ENGINE=InnoDB DEFAULT CHARSET=utf8mb4 COLLATE=utf8mb4_unicode_ci;

-- --------------------------------------------------------

--
-- Table structure for table `model_has_roles`
--

CREATE TABLE `model_has_roles` (
  `role_id` bigint UNSIGNED NOT NULL,
  `model_type` varchar(255) COLLATE utf8mb4_unicode_ci NOT NULL,
  `model_id` bigint UNSIGNED NOT NULL
) ENGINE=InnoDB DEFAULT CHARSET=utf8mb4 COLLATE=utf8mb4_unicode_ci;

--
-- Dumping data for table `model_has_roles`
--

INSERT INTO `model_has_roles` (`role_id`, `model_type`, `model_id`) VALUES
(1, 'App\\Models\\User', 1),
(1, 'App\\Models\\User', 2),
(1, 'App\\Models\\User', 3),
(2, 'App\\Models\\User', 4),
(2, 'App\\Models\\User', 5),
(2, 'App\\Models\\User', 6),
(2, 'App\\Models\\User', 7),
(2, 'App\\Models\\User', 8),
(2, 'App\\Models\\User', 9),
(2, 'App\\Models\\User', 10),
(2, 'App\\Models\\User', 11),
(2, 'App\\Models\\User', 12),
(2, 'App\\Models\\User', 13),
(2, 'App\\Models\\User', 14),
(2, 'App\\Models\\User', 15),
(2, 'App\\Models\\User', 16),
(2, 'App\\Models\\User', 17),
(2, 'App\\Models\\User', 18),
(2, 'App\\Models\\User', 19),
(2, 'App\\Models\\User', 20),
(2, 'App\\Models\\User', 21),
(2, 'App\\Models\\User', 22),
(2, 'App\\Models\\User', 23),
(2, 'App\\Models\\User', 24),
(2, 'App\\Models\\User', 25),
(2, 'App\\Models\\User', 26),
(2, 'App\\Models\\User', 27),
(2, 'App\\Models\\User', 28);

-- --------------------------------------------------------

--
-- Table structure for table `password_reset_tokens`
--

CREATE TABLE `password_reset_tokens` (
  `email` varchar(255) COLLATE utf8mb4_unicode_ci NOT NULL,
  `token` varchar(255) COLLATE utf8mb4_unicode_ci NOT NULL,
  `created_at` timestamp NULL DEFAULT NULL
) ENGINE=InnoDB DEFAULT CHARSET=utf8mb4 COLLATE=utf8mb4_unicode_ci;

-- --------------------------------------------------------

--
-- Table structure for table `permissions`
--

CREATE TABLE `permissions` (
  `id` bigint UNSIGNED NOT NULL,
  `name` varchar(255) COLLATE utf8mb4_unicode_ci NOT NULL,
  `guard_name` varchar(255) COLLATE utf8mb4_unicode_ci NOT NULL,
  `created_at` timestamp NULL DEFAULT NULL,
  `updated_at` timestamp NULL DEFAULT NULL
) ENGINE=InnoDB DEFAULT CHARSET=utf8mb4 COLLATE=utf8mb4_unicode_ci;

-- --------------------------------------------------------

--
-- Table structure for table `personal_access_tokens`
--

CREATE TABLE `personal_access_tokens` (
  `id` bigint UNSIGNED NOT NULL,
  `tokenable_type` varchar(255) COLLATE utf8mb4_unicode_ci NOT NULL,
  `tokenable_id` bigint UNSIGNED NOT NULL,
  `name` text COLLATE utf8mb4_unicode_ci NOT NULL,
  `token` varchar(64) COLLATE utf8mb4_unicode_ci NOT NULL,
  `abilities` text COLLATE utf8mb4_unicode_ci,
  `last_used_at` timestamp NULL DEFAULT NULL,
  `expires_at` timestamp NULL DEFAULT NULL,
  `created_at` timestamp NULL DEFAULT NULL,
  `updated_at` timestamp NULL DEFAULT NULL
) ENGINE=InnoDB DEFAULT CHARSET=utf8mb4 COLLATE=utf8mb4_unicode_ci;

--
-- Dumping data for table `personal_access_tokens`
--

INSERT INTO `personal_access_tokens` (`id`, `tokenable_type`, `tokenable_id`, `name`, `token`, `abilities`, `last_used_at`, `expires_at`, `created_at`, `updated_at`) VALUES
(6, 'App\\Models\\User', 4, 'auth_token', '974d05e64fdd11b0a5d2338807ed9fd2a1da48d92ef46b2e4e7b10ea527f0f9d', '[\"*\"]', '2026-02-08 01:06:47', NULL, '2026-02-08 01:06:38', '2026-02-08 01:06:47');

-- --------------------------------------------------------

--
-- Table structure for table `roles`
--

CREATE TABLE `roles` (
  `id` bigint UNSIGNED NOT NULL,
  `name` varchar(255) COLLATE utf8mb4_unicode_ci NOT NULL,
  `guard_name` varchar(255) COLLATE utf8mb4_unicode_ci NOT NULL,
  `created_at` timestamp NULL DEFAULT NULL,
  `updated_at` timestamp NULL DEFAULT NULL
) ENGINE=InnoDB DEFAULT CHARSET=utf8mb4 COLLATE=utf8mb4_unicode_ci;

--
-- Dumping data for table `roles`
--

INSERT INTO `roles` (`id`, `name`, `guard_name`, `created_at`, `updated_at`) VALUES
(1, 'Admin', 'web', '2026-02-07 23:57:53', '2026-02-07 23:57:53'),
(2, 'User', 'web', '2026-02-07 23:57:53', '2026-02-07 23:57:53');

-- --------------------------------------------------------

--
-- Table structure for table `role_has_permissions`
--

CREATE TABLE `role_has_permissions` (
  `permission_id` bigint UNSIGNED NOT NULL,
  `role_id` bigint UNSIGNED NOT NULL
) ENGINE=InnoDB DEFAULT CHARSET=utf8mb4 COLLATE=utf8mb4_unicode_ci;

-- --------------------------------------------------------

--
-- Table structure for table `sertifikats`
--

CREATE TABLE `sertifikats` (
  `id` bigint UNSIGNED NOT NULL,
  `user_id` bigint UNSIGNED NOT NULL,
  `kelas_id` bigint UNSIGNED NOT NULL,
  `nomor_sertifikat` varchar(255) COLLATE utf8mb4_unicode_ci NOT NULL,
  `tanggal_terbit` date NOT NULL,
  `created_at` timestamp NULL DEFAULT NULL,
  `updated_at` timestamp NULL DEFAULT NULL
) ENGINE=InnoDB DEFAULT CHARSET=utf8mb4 COLLATE=utf8mb4_unicode_ci;

--
-- Dumping data for table `sertifikats`
--

INSERT INTO `sertifikats` (`id`, `user_id`, `kelas_id`, `nomor_sertifikat`, `tanggal_terbit`, `created_at`, `updated_at`) VALUES
(1, 4, 9, 'CERT-20260204-9-4', '2026-02-04', '2026-02-07 23:58:06', '2026-02-07 23:58:06'),
(2, 6, 4, 'CERT-20260130-4-6', '2026-01-30', '2026-02-07 23:58:06', '2026-02-07 23:58:06'),
(3, 7, 5, 'CERT-20260114-5-7', '2026-01-14', '2026-02-07 23:58:07', '2026-02-07 23:58:07'),
(4, 8, 7, 'CERT-20260205-7-8', '2026-02-05', '2026-02-07 23:58:07', '2026-02-07 23:58:07'),
(5, 8, 9, 'CERT-20260121-9-8', '2026-01-21', '2026-02-07 23:58:07', '2026-02-07 23:58:07'),
(6, 9, 10, 'CERT-20260111-10-9', '2026-01-11', '2026-02-07 23:58:07', '2026-02-07 23:58:07'),
(7, 11, 8, 'CERT-20260118-8-11', '2026-01-18', '2026-02-07 23:58:07', '2026-02-07 23:58:07'),
(8, 12, 5, 'CERT-20260205-5-12', '2026-02-05', '2026-02-07 23:58:07', '2026-02-07 23:58:07'),
(9, 13, 7, 'CERT-20260121-7-13', '2026-01-21', '2026-02-07 23:58:07', '2026-02-07 23:58:07'),
(10, 13, 9, 'CERT-20260127-9-13', '2026-01-27', '2026-02-07 23:58:07', '2026-02-07 23:58:07'),
(11, 14, 2, 'CERT-20260127-2-14', '2026-01-27', '2026-02-07 23:58:07', '2026-02-07 23:58:07'),
(12, 16, 3, 'CERT-20260127-3-16', '2026-01-27', '2026-02-07 23:58:07', '2026-02-07 23:58:07'),
(13, 17, 9, 'CERT-20260120-9-17', '2026-01-20', '2026-02-07 23:58:07', '2026-02-07 23:58:07'),
(14, 18, 8, 'CERT-20260119-8-18', '2026-01-19', '2026-02-07 23:58:07', '2026-02-07 23:58:07'),
(15, 18, 10, 'CERT-20260120-10-18', '2026-01-20', '2026-02-07 23:58:07', '2026-02-07 23:58:07'),
(16, 19, 10, 'CERT-20260207-10-19', '2026-02-07', '2026-02-07 23:58:07', '2026-02-07 23:58:07'),
(17, 21, 1, 'CERT-20260109-1-21', '2026-01-09', '2026-02-07 23:58:07', '2026-02-07 23:58:07'),
(18, 22, 5, 'CERT-20260120-5-22', '2026-01-20', '2026-02-07 23:58:07', '2026-02-07 23:58:07'),
(19, 23, 7, 'CERT-20260131-7-23', '2026-01-31', '2026-02-07 23:58:07', '2026-02-07 23:58:07'),
(20, 23, 9, 'CERT-20260201-9-23', '2026-02-01', '2026-02-07 23:58:07', '2026-02-07 23:58:07'),
(21, 24, 4, 'CERT-20260126-4-24', '2026-01-26', '2026-02-07 23:58:07', '2026-02-07 23:58:07'),
(22, 26, 9, 'CERT-20260205-9-26', '2026-02-05', '2026-02-07 23:58:07', '2026-02-07 23:58:07'),
(23, 27, 4, 'CERT-20260114-4-27', '2026-01-14', '2026-02-07 23:58:07', '2026-02-07 23:58:07'),
(24, 28, 5, 'CERT-20260202-5-28', '2026-02-02', '2026-02-07 23:58:07', '2026-02-07 23:58:07'),
(25, 28, 8, 'CERT-20260121-8-28', '2026-01-21', '2026-02-07 23:58:07', '2026-02-07 23:58:07');

-- --------------------------------------------------------

--
-- Table structure for table `sessions`
--

CREATE TABLE `sessions` (
  `id` varchar(255) COLLATE utf8mb4_unicode_ci NOT NULL,
  `user_id` bigint UNSIGNED DEFAULT NULL,
  `ip_address` varchar(45) COLLATE utf8mb4_unicode_ci DEFAULT NULL,
  `user_agent` text COLLATE utf8mb4_unicode_ci,
  `payload` longtext COLLATE utf8mb4_unicode_ci NOT NULL,
  `last_activity` int NOT NULL
) ENGINE=InnoDB DEFAULT CHARSET=utf8mb4 COLLATE=utf8mb4_unicode_ci;

-- --------------------------------------------------------

--
-- Table structure for table `soals`
--

CREATE TABLE `soals` (
  `id` bigint UNSIGNED NOT NULL,
  `materi_id` bigint UNSIGNED NOT NULL,
  `pertanyaan` text COLLATE utf8mb4_unicode_ci NOT NULL,
  `jawaban_a` varchar(255) COLLATE utf8mb4_unicode_ci NOT NULL,
  `jawaban_b` varchar(255) COLLATE utf8mb4_unicode_ci NOT NULL,
  `jawaban_c` varchar(255) COLLATE utf8mb4_unicode_ci DEFAULT NULL,
  `jawaban_d` varchar(255) COLLATE utf8mb4_unicode_ci DEFAULT NULL,
  `jawaban_benar` varchar(255) COLLATE utf8mb4_unicode_ci NOT NULL,
  `created_at` timestamp NULL DEFAULT NULL,
  `updated_at` timestamp NULL DEFAULT NULL
) ENGINE=InnoDB DEFAULT CHARSET=utf8mb4 COLLATE=utf8mb4_unicode_ci;

--
-- Dumping data for table `soals`
--

INSERT INTO `soals` (`id`, `materi_id`, `pertanyaan`, `jawaban_a`, `jawaban_b`, `jawaban_c`, `jawaban_d`, `jawaban_benar`, `created_at`, `updated_at`) VALUES
(1, 1, 'Apa kepanjangan dari HTML?', 'Hyper Text Markup Language', 'High Tech Modern Language', 'Hyper Transfer Markup Language', 'Home Tool Markup Language', 'a', '2026-02-07 23:58:01', '2026-02-07 23:58:01'),
(2, 1, 'Tag HTML mana yang digunakan untuk membuat paragraf?', '<text>', '<p>', '<para>', '<pg>', 'b', '2026-02-07 23:58:01', '2026-02-07 23:58:01'),
(3, 1, 'Tag mana yang digunakan untuk heading terbesar?', '<h6>', '<heading>', '<h1>', '<head>', 'c', '2026-02-07 23:58:01', '2026-02-07 23:58:01'),
(4, 1, 'Elemen HTML mana yang merupakan root dari dokumen HTML?', '<body>', '<head>', '<title>', '<html>', 'd', '2026-02-07 23:58:01', '2026-02-07 23:58:01'),
(5, 1, 'Tag yang benar untuk membuat hyperlink adalah?', '<a>', '<link>', '<href>', '<url>', 'a', '2026-02-07 23:58:01', '2026-02-07 23:58:01'),
(6, 2, 'Apa kepanjangan dari CSS?', 'Creative Style Sheets', 'Cascading Style Sheets', 'Computer Style Sheets', 'Colorful Style Sheets', 'b', '2026-02-07 23:58:01', '2026-02-07 23:58:01'),
(7, 2, 'Property CSS mana yang mengubah warna teks?', 'text-color', 'font-color', 'color', 'text-style', 'c', '2026-02-07 23:58:01', '2026-02-07 23:58:01'),
(8, 2, 'Cara yang direkomendasikan untuk menambahkan CSS adalah?', 'Inline CSS', 'Internal CSS', 'External CSS', 'Embedded CSS', 'c', '2026-02-07 23:58:01', '2026-02-07 23:58:01'),
(9, 2, 'Selector CSS yang memilih elemen berdasarkan ID menggunakan simbol?', '.', '#', '*', '@', 'b', '2026-02-07 23:58:01', '2026-02-07 23:58:01'),
(10, 2, 'Box model CSS terdiri dari margin, border, padding, dan?', 'Width', 'Height', 'Content', 'Display', 'c', '2026-02-07 23:58:01', '2026-02-07 23:58:01'),
(11, 3, 'Keyword mana yang digunakan untuk mendeklarasikan variabel yang tidak bisa diubah?', 'var', 'let', 'const', 'static', 'c', '2026-02-07 23:58:01', '2026-02-07 23:58:01'),
(12, 3, 'Tipe data mana yang BUKAN tipe data primitif di JavaScript?', 'String', 'Number', 'Array', 'Boolean', 'c', '2026-02-07 23:58:01', '2026-02-07 23:58:01'),
(13, 3, 'Bagaimana cara menulis komentar satu baris di JavaScript?', '<!-- komentar -->', '// komentar', '/* komentar */', '# komentar', 'b', '2026-02-07 23:58:01', '2026-02-07 23:58:01'),
(14, 3, 'Fungsi JavaScript yang menampilkan pesan dialog adalah?', 'msg()', 'msgBox()', 'alert()', 'prompt()', 'c', '2026-02-07 23:58:01', '2026-02-07 23:58:01'),
(15, 3, 'Operator === di JavaScript memeriksa?', 'Nilai saja', 'Tipe saja', 'Nilai dan tipe', 'Referensi memori', 'c', '2026-02-07 23:58:01', '2026-02-07 23:58:01'),
(16, 4, 'Apa kepanjangan dari DOM?', 'Document Object Model', 'Data Object Management', 'Digital Oriented Module', 'Document Order Method', 'a', '2026-02-07 23:58:01', '2026-02-07 23:58:01'),
(17, 4, 'Method mana yang memilih elemen berdasarkan ID?', 'querySelector()', 'getElementsByClassName()', 'getElementById()', 'getElementByName()', 'c', '2026-02-07 23:58:01', '2026-02-07 23:58:01'),
(18, 4, 'Property mana yang mengubah konten teks sebuah elemen?', 'innerText', 'textContent', 'innerHTML', 'Semua benar', 'd', '2026-02-07 23:58:01', '2026-02-07 23:58:01'),
(19, 4, 'Method untuk menambahkan event handler pada elemen adalah?', 'addEvent()', 'addEventListener()', 'attachEvent()', 'onEvent()', 'b', '2026-02-07 23:58:01', '2026-02-07 23:58:01'),
(20, 4, 'querySelectorAll() mengembalikan?', 'Satu elemen', 'HTMLCollection', 'NodeList', 'Array', 'c', '2026-02-07 23:58:01', '2026-02-07 23:58:01'),
(21, 5, 'Meta tag viewport digunakan untuk?', 'SEO optimization', 'Mengatur lebar tampilan di perangkat mobile', 'Menambahkan favicon', 'Menghubungkan CSS', 'b', '2026-02-07 23:58:01', '2026-02-07 23:58:01'),
(22, 5, 'Property CSS mana yang membuat layout flexbox?', 'display: block', 'display: inline', 'display: flex', 'display: grid', 'c', '2026-02-07 23:58:01', '2026-02-07 23:58:01'),
(23, 5, 'Media query digunakan untuk?', 'Menambahkan animasi', 'Menerapkan style berdasarkan kondisi perangkat', 'Mengimpor font', 'Mengoptimasi gambar', 'b', '2026-02-07 23:58:01', '2026-02-07 23:58:01'),
(24, 5, 'Breakpoint umum untuk tablet adalah?', '320px', '480px', '768px', '1200px', 'c', '2026-02-07 23:58:01', '2026-02-07 23:58:01'),
(25, 5, 'CSS Grid property grid-template-columns mengatur?', 'Jumlah baris', 'Jumlah dan ukuran kolom', 'Gap antar elemen', 'Posisi elemen', 'b', '2026-02-07 23:58:01', '2026-02-07 23:58:01'),
(26, 6, 'DBMS adalah singkatan dari?', 'Data Base Management System', 'Database Manipulation Software', 'Data Basic Modern System', 'Digital Base Management System', 'a', '2026-02-07 23:58:01', '2026-02-07 23:58:01'),
(27, 6, 'Manakah yang termasuk RDBMS?', 'MongoDB', 'Redis', 'MySQL', 'Cassandra', 'c', '2026-02-07 23:58:01', '2026-02-07 23:58:01'),
(28, 6, 'Primary Key berfungsi sebagai?', 'Password database', 'Identitas unik setiap record', 'Nama tabel', 'Kunci enkripsi', 'b', '2026-02-07 23:58:01', '2026-02-07 23:58:01'),
(29, 6, 'Foreign Key digunakan untuk?', 'Mengunci tabel', 'Menghapus data', 'Mereferensikan tabel lain', 'Membuat index', 'c', '2026-02-07 23:58:01', '2026-02-07 23:58:01'),
(30, 6, 'Manakah yang termasuk database NoSQL?', 'PostgreSQL', 'Oracle', 'SQL Server', 'MongoDB', 'd', '2026-02-07 23:58:01', '2026-02-07 23:58:01'),
(31, 7, 'DDL adalah singkatan dari?', 'Data Definition Language', 'Data Description Language', 'Database Design Language', 'Data Development Library', 'a', '2026-02-07 23:58:01', '2026-02-07 23:58:01'),
(32, 7, 'Perintah SQL untuk membuat tabel baru adalah?', 'MAKE TABLE', 'NEW TABLE', 'CREATE TABLE', 'ADD TABLE', 'c', '2026-02-07 23:58:01', '2026-02-07 23:58:01'),
(33, 7, 'Perintah untuk mengubah struktur tabel adalah?', 'MODIFY TABLE', 'ALTER TABLE', 'CHANGE TABLE', 'UPDATE TABLE', 'b', '2026-02-07 23:58:01', '2026-02-07 23:58:01'),
(34, 7, 'AUTO_INCREMENT pada kolom digunakan untuk?', 'Menambah ukuran kolom', 'Menambah nilai otomatis pada setiap record baru', 'Membuat kolom wajib diisi', 'Mengoptimasi performa', 'b', '2026-02-07 23:58:01', '2026-02-07 23:58:01'),
(35, 7, 'Perintah untuk menghapus tabel beserta semua datanya adalah?', 'DELETE TABLE', 'REMOVE TABLE', 'DROP TABLE', 'TRUNCATE TABLE', 'c', '2026-02-07 23:58:01', '2026-02-07 23:58:01'),
(36, 8, 'Perintah SQL untuk menambahkan data ke tabel adalah?', 'ADD INTO', 'INSERT INTO', 'PUT INTO', 'APPEND INTO', 'b', '2026-02-07 23:58:01', '2026-02-07 23:58:01'),
(37, 8, 'Klausa WHERE digunakan untuk?', 'Mengurutkan data', 'Mengelompokkan data', 'Memfilter data berdasarkan kondisi', 'Membatasi jumlah data', 'c', '2026-02-07 23:58:01', '2026-02-07 23:58:01'),
(38, 8, 'Perintah untuk mengubah data yang sudah ada adalah?', 'MODIFY', 'CHANGE', 'ALTER', 'UPDATE', 'd', '2026-02-07 23:58:01', '2026-02-07 23:58:01'),
(39, 8, 'Klausa ORDER BY ASC mengurutkan data secara?', 'Acak', 'Menurun (Z-A)', 'Menaik (A-Z)', 'Berdasarkan ID', 'c', '2026-02-07 23:58:01', '2026-02-07 23:58:01'),
(40, 8, 'SELECT * artinya memilih?', 'Kolom pertama saja', 'Semua kolom', 'Kolom Primary Key', 'Kolom terakhir', 'b', '2026-02-07 23:58:01', '2026-02-07 23:58:01'),
(41, 9, 'INNER JOIN mengembalikan data yang?', 'Ada di tabel kiri saja', 'Ada di tabel kanan saja', 'Ada di kedua tabel', 'Tidak ada di kedua tabel', 'c', '2026-02-07 23:58:01', '2026-02-07 23:58:01'),
(42, 9, 'LEFT JOIN mengembalikan semua data dari?', 'Tabel kiri dan yang cocok di tabel kanan', 'Tabel kanan saja', 'Kedua tabel tanpa filter', 'Tabel dengan data paling banyak', 'a', '2026-02-07 23:58:01', '2026-02-07 23:58:01'),
(43, 9, 'Fungsi COUNT() digunakan untuk?', 'Menghitung rata-rata', 'Menghitung jumlah baris', 'Menghitung nilai minimum', 'Menghitung total', 'b', '2026-02-07 23:58:01', '2026-02-07 23:58:01'),
(44, 9, 'Klausa GROUP BY digunakan bersama dengan?', 'WHERE saja', 'ORDER BY saja', 'Fungsi aggregate', 'LIMIT saja', 'c', '2026-02-07 23:58:01', '2026-02-07 23:58:01'),
(45, 9, 'HAVING berbeda dengan WHERE karena HAVING digunakan setelah?', 'SELECT', 'FROM', 'GROUP BY', 'ORDER BY', 'c', '2026-02-07 23:58:01', '2026-02-07 23:58:01'),
(46, 10, 'LAN adalah singkatan dari?', 'Large Area Network', 'Local Access Network', 'Local Area Network', 'Long Area Network', 'c', '2026-02-07 23:58:01', '2026-02-07 23:58:01'),
(47, 10, 'Topologi dimana semua node terhubung ke satu hub adalah?', 'Ring', 'Bus', 'Mesh', 'Star', 'd', '2026-02-07 23:58:01', '2026-02-07 23:58:01'),
(48, 10, 'WAN mencakup area?', 'Satu ruangan', 'Satu gedung', 'Satu kota', 'Antar kota/negara', 'd', '2026-02-07 23:58:01', '2026-02-07 23:58:01'),
(49, 10, 'Perangkat yang menghubungkan beberapa jaringan adalah?', 'Hub', 'Switch', 'Router', 'Modem', 'c', '2026-02-07 23:58:01', '2026-02-07 23:58:01'),
(50, 10, 'Topologi mesh memiliki keunggulan?', 'Biaya murah', 'Redundansi tinggi', 'Sedikit kabel', 'Mudah dipasang', 'b', '2026-02-07 23:58:01', '2026-02-07 23:58:01'),
(51, 11, 'Model OSI memiliki berapa lapisan?', '4', '5', '6', '7', 'd', '2026-02-07 23:58:01', '2026-02-07 23:58:01'),
(52, 11, 'Layer mana yang bertanggung jawab atas routing?', 'Physical', 'Data Link', 'Network', 'Transport', 'c', '2026-02-07 23:58:01', '2026-02-07 23:58:01'),
(53, 11, 'MAC address berada di layer?', 'Physical', 'Data Link', 'Network', 'Transport', 'b', '2026-02-07 23:58:01', '2026-02-07 23:58:01'),
(54, 11, 'HTTP berada di layer?', 'Transport', 'Session', 'Presentation', 'Application', 'd', '2026-02-07 23:58:01', '2026-02-07 23:58:01'),
(55, 11, 'Proses penambahan header pada setiap layer disebut?', 'Dekapsulasi', 'Enkapsulasi', 'Enkripsi', 'Multiplexing', 'b', '2026-02-07 23:58:01', '2026-02-07 23:58:01'),
(56, 12, 'Protocol yang reliable dan connection-oriented adalah?', 'UDP', 'TCP', 'ICMP', 'ARP', 'b', '2026-02-07 23:58:01', '2026-02-07 23:58:01'),
(57, 12, 'IPv4 menggunakan berapa bit?', '16 bit', '32 bit', '64 bit', '128 bit', 'b', '2026-02-07 23:58:01', '2026-02-07 23:58:01'),
(58, 12, 'Subnet mask /24 sama dengan?', '255.0.0.0', '255.255.0.0', '255.255.255.0', '255.255.255.255', 'c', '2026-02-07 23:58:01', '2026-02-07 23:58:01'),
(59, 12, 'Protocol yang digunakan untuk resolusi nama domain adalah?', 'HTTP', 'FTP', 'DNS', 'SMTP', 'c', '2026-02-07 23:58:01', '2026-02-07 23:58:01'),
(60, 12, 'IPv6 menggunakan berapa bit?', '32 bit', '64 bit', '96 bit', '128 bit', 'd', '2026-02-07 23:58:01', '2026-02-07 23:58:01'),
(61, 13, 'Firewall berfungsi untuk?', 'Mempercepat koneksi', 'Menyaring traffic jaringan', 'Menyimpan data', 'Mengenkripsi file', 'b', '2026-02-07 23:58:01', '2026-02-07 23:58:01'),
(62, 13, 'VPN adalah singkatan dari?', 'Very Private Network', 'Virtual Public Network', 'Virtual Private Network', 'Verified Private Network', 'c', '2026-02-07 23:58:01', '2026-02-07 23:58:01'),
(63, 13, 'Serangan yang membanjiri server dengan traffic berlebihan disebut?', 'Phishing', 'Ransomware', 'Man-in-the-Middle', 'DDoS', 'd', '2026-02-07 23:58:01', '2026-02-07 23:58:01'),
(64, 13, 'SSL/TLS digunakan untuk?', 'Kompresi data', 'Enkripsi data dalam transit', 'Backup data', 'Routing data', 'b', '2026-02-07 23:58:01', '2026-02-07 23:58:01'),
(65, 13, 'IDS adalah singkatan dari?', 'Internet Data System', 'Internal Detection Software', 'Intrusion Detection System', 'Integrated Defense System', 'c', '2026-02-07 23:58:01', '2026-02-07 23:58:01'),
(66, 14, 'Prinsip Java \"Write Once, Run Anywhere\" dimungkinkan oleh?', 'Compiler', 'JVM (Java Virtual Machine)', 'Text Editor', 'Operating System', 'b', '2026-02-07 23:58:01', '2026-02-07 23:58:01'),
(67, 14, 'Method utama program Java adalah?', 'public static void main(String[] args)', 'public void start()', 'static void run()', 'public main()', 'a', '2026-02-07 23:58:01', '2026-02-07 23:58:01'),
(68, 14, 'Tipe data untuk bilangan desimal di Java adalah?', 'int', 'long', 'double', 'byte', 'c', '2026-02-07 23:58:01', '2026-02-07 23:58:01'),
(69, 14, 'JDK adalah singkatan dari?', 'Java Development Kit', 'Java Data Kit', 'Java Desktop Kit', 'Java Design Kit', 'a', '2026-02-07 23:58:01', '2026-02-07 23:58:01'),
(70, 14, 'Tipe data boolean di Java menyimpan nilai?', '0 dan 1', 'true dan false', 'yes dan no', 'on dan off', 'b', '2026-02-07 23:58:01', '2026-02-07 23:58:01'),
(71, 15, 'Berapa pilar utama OOP?', '2', '3', '4', '5', 'c', '2026-02-07 23:58:01', '2026-02-07 23:58:01'),
(72, 15, 'Encapsulation dicapai dengan?', 'Membuat semua variabel public', 'Menggunakan access modifier private dan getter/setter', 'Menggunakan inheritance', 'Membuat abstract class', 'b', '2026-02-07 23:58:01', '2026-02-07 23:58:01'),
(73, 15, 'Keyword Java untuk pewarisan kelas adalah?', 'inherits', 'implements', 'extends', 'derives', 'c', '2026-02-07 23:58:01', '2026-02-07 23:58:01'),
(74, 15, 'Polymorphism artinya?', 'Satu kelas saja', 'Banyak bentuk dari satu interface', 'Menyembunyikan data', 'Mewarisi semua method', 'b', '2026-02-07 23:58:01', '2026-02-07 23:58:01'),
(75, 15, 'Constructor di Java digunakan untuk?', 'Menghapus objek', 'Menginisialisasi objek saat dibuat', 'Mengubah tipe data', 'Mengimpor library', 'b', '2026-02-07 23:58:01', '2026-02-07 23:58:01'),
(76, 16, 'Blok kode yang menangani exception disebut?', 'try', 'catch', 'finally', 'throw', 'b', '2026-02-07 23:58:01', '2026-02-07 23:58:01'),
(77, 16, 'Blok finally akan?', 'Dijalankan hanya saat ada error', 'Tidak pernah dijalankan', 'Selalu dijalankan', 'Dijalankan hanya saat tidak ada error', 'c', '2026-02-07 23:58:01', '2026-02-07 23:58:01'),
(78, 16, 'NullPointerException termasuk?', 'Checked Exception', 'Unchecked Exception', 'Error', 'Warning', 'b', '2026-02-07 23:58:01', '2026-02-07 23:58:01'),
(79, 16, 'Keyword untuk melempar exception secara manual adalah?', 'catch', 'try', 'throw', 'error', 'c', '2026-02-07 23:58:01', '2026-02-07 23:58:01'),
(80, 16, 'Custom exception dibuat dengan cara?', 'Membuat file .exception', 'Extends class Exception', 'Implements Throwable', 'Override main method', 'b', '2026-02-07 23:58:01', '2026-02-07 23:58:01'),
(81, 17, 'ArrayList termasuk interface?', 'Set', 'Map', 'List', 'Queue', 'c', '2026-02-07 23:58:01', '2026-02-07 23:58:01'),
(82, 17, 'HashSet tidak mengizinkan?', 'Null value', 'String value', 'Elemen duplikat', 'Integer value', 'c', '2026-02-07 23:58:01', '2026-02-07 23:58:01'),
(83, 17, 'HashMap menyimpan data dalam format?', 'Array', 'Key-Value pair', 'Linked list', 'Stack', 'b', '2026-02-07 23:58:01', '2026-02-07 23:58:01'),
(84, 17, 'Method untuk menambahkan elemen ke ArrayList adalah?', 'put()', 'insert()', 'add()', 'append()', 'c', '2026-02-07 23:58:01', '2026-02-07 23:58:01'),
(85, 17, 'Perbedaan utama ArrayList dan LinkedList adalah?', 'Ukuran', 'Tipe data yang disimpan', 'Implementasi internal dan performa operasi', 'Tidak ada perbedaan', 'c', '2026-02-07 23:58:01', '2026-02-07 23:58:01'),
(86, 18, 'UI adalah singkatan dari?', 'Universal Interface', 'User Interface', 'Unique Integration', 'User Interaction', 'b', '2026-02-07 23:58:01', '2026-02-07 23:58:01'),
(87, 18, 'UX lebih fokus pada?', 'Warna dan font', 'Keseluruhan pengalaman pengguna', 'Kode program', 'Database', 'b', '2026-02-07 23:58:01', '2026-02-07 23:58:01'),
(88, 18, 'Prinsip desain yang menekankan fokus pada kebutuhan pengguna disebut?', 'Developer-Centered Design', 'Business-Centered Design', 'User-Centered Design', 'Technology-Centered Design', 'c', '2026-02-07 23:58:01', '2026-02-07 23:58:01'),
(89, 18, 'Consistency dalam UI design berarti?', 'Semua warna sama', 'Elemen serupa terlihat dan berfungsi sama', 'Tidak ada perubahan', 'Satu halaman saja', 'b', '2026-02-07 23:58:01', '2026-02-07 23:58:01'),
(90, 18, 'Accessibility dalam desain artinya?', 'Hanya untuk pengguna tertentu', 'Dapat diakses oleh semua pengguna', 'Gratis untuk semua', 'Online 24 jam', 'b', '2026-02-07 23:58:01', '2026-02-07 23:58:01'),
(91, 19, 'Wireframe adalah?', 'Kode HTML', 'Kerangka visual layout halaman', 'Database schema', 'Image editing', 'b', '2026-02-07 23:58:01', '2026-02-07 23:58:01'),
(92, 19, 'Low-fidelity wireframe biasanya berupa?', 'Desain detail dengan warna', 'Sketsa tangan sederhana', 'Kode HTML', 'Aplikasi final', 'b', '2026-02-07 23:58:01', '2026-02-07 23:58:01'),
(93, 19, 'Tool wireframing yang gratis dan populer adalah?', 'Photoshop', 'Illustrator', 'Figma', 'AutoCAD', 'c', '2026-02-07 23:58:01', '2026-02-07 23:58:01'),
(94, 19, 'Prototype berguna untuk?', 'Menulis kode backend', 'Menguji alur dan fungsionalitas sebelum development', 'Mengelola database', 'Mengoptimasi server', 'b', '2026-02-07 23:58:01', '2026-02-07 23:58:01'),
(95, 19, 'High-fidelity wireframe mendekati?', 'Sketsa awal', 'Desain final', 'Kode program', 'Dokumen teknis', 'b', '2026-02-07 23:58:01', '2026-02-07 23:58:01'),
(96, 20, 'Warna primer terdiri dari?', 'Hijau, Orange, Ungu', 'Merah, Biru, Kuning', 'Putih, Hitam, Abu-abu', 'Cyan, Magenta, Yellow', 'b', '2026-02-07 23:58:01', '2026-02-07 23:58:01'),
(97, 20, 'Skema warna complementary menggunakan warna yang?', 'Bersebelahan di color wheel', 'Berseberangan di color wheel', 'Sama persis', 'Acak', 'b', '2026-02-07 23:58:01', '2026-02-07 23:58:01'),
(98, 20, 'Font sans-serif cocok untuk?', 'Dokumen formal tradisional', 'Desain modern dan digital', 'Kode pemrograman', 'Tulisan tangan', 'b', '2026-02-07 23:58:01', '2026-02-07 23:58:01'),
(99, 20, 'Berapa jumlah font maksimal yang direkomendasikan dalam satu desain?', '1', '2-3', '5-6', 'Tidak terbatas', 'b', '2026-02-07 23:58:01', '2026-02-07 23:58:01'),
(100, 20, 'Font monospace biasanya digunakan untuk?', 'Judul artikel', 'Paragraf panjang', 'Kode program', 'Logo', 'c', '2026-02-07 23:58:01', '2026-02-07 23:58:01'),
(101, 21, 'Algoritma harus memiliki sifat finiteness, artinya?', 'Tidak terbatas', 'Harus berakhir setelah sejumlah langkah', 'Harus cepat', 'Harus efisien', 'b', '2026-02-07 23:58:01', '2026-02-07 23:58:01'),
(102, 21, 'Notasi Big-O O(n) menunjukkan kompleksitas?', 'Constant', 'Logarithmic', 'Linear', 'Quadratic', 'c', '2026-02-07 23:58:01', '2026-02-07 23:58:01'),
(103, 21, 'Pseudocode adalah?', 'Bahasa pemrograman', 'Representasi informal algoritma', 'Compiler', 'Framework', 'b', '2026-02-07 23:58:01', '2026-02-07 23:58:01'),
(104, 21, 'O(1) berarti waktu eksekusi?', 'Bertambah seiring input', 'Konstan tidak bergantung pada input', 'Eksponensial', 'Kuadratik', 'b', '2026-02-07 23:58:01', '2026-02-07 23:58:01'),
(105, 21, 'Flowchart menggunakan bentuk belah ketupat untuk?', 'Proses', 'Input/Output', 'Keputusan/Kondisi', 'Start/End', 'c', '2026-02-07 23:58:01', '2026-02-07 23:58:01'),
(106, 22, 'Waktu akses elemen array berdasarkan indeks adalah?', 'O(n)', 'O(log n)', 'O(1)', 'O(n)', 'c', '2026-02-07 23:58:01', '2026-02-07 23:58:01'),
(107, 22, 'Singly Linked List memiliki pointer yang menunjuk ke?', 'Node sebelumnya', 'Node berikutnya', 'Node pertama dan terakhir', 'Semua node', 'b', '2026-02-07 23:58:01', '2026-02-07 23:58:01'),
(108, 22, 'Kelemahan utama array adalah?', 'Akses lambat', 'Ukuran tetap (statis)', 'Tidak bisa menyimpan angka', 'Tidak berurutan', 'b', '2026-02-07 23:58:01', '2026-02-07 23:58:01'),
(109, 22, 'Insersi di awal Linked List memiliki kompleksitas?', 'O(n)', 'O(log n)', 'O(1)', 'O(n)', 'c', '2026-02-07 23:58:01', '2026-02-07 23:58:01'),
(110, 22, 'Doubly Linked List berbeda dari Singly karena?', 'Memiliki dua head', 'Node menunjuk ke depan dan belakang', 'Ukurannya dua kali lipat', 'Lebih cepat', 'b', '2026-02-07 23:58:01', '2026-02-07 23:58:01'),
(111, 23, 'Stack mengikuti prinsip?', 'FIFO', 'LIFO', 'LILO', 'Random Access', 'b', '2026-02-07 23:58:01', '2026-02-07 23:58:01'),
(112, 23, 'Queue mengikuti prinsip?', 'LIFO', 'LILO', 'FIFO', 'Random Access', 'c', '2026-02-07 23:58:01', '2026-02-07 23:58:01'),
(113, 23, 'Operasi push pada stack berfungsi untuk?', 'Menghapus elemen teratas', 'Menambah elemen ke atas', 'Melihat elemen teratas', 'Mengosongkan stack', 'b', '2026-02-07 23:58:01', '2026-02-07 23:58:01'),
(114, 23, 'Contoh penggunaan stack dalam kehidupan sehari-hari?', 'Antrian bank', 'Undo/Redo pada text editor', 'Printer queue', 'Playlist musik', 'b', '2026-02-07 23:58:01', '2026-02-07 23:58:01'),
(115, 23, 'Operasi dequeue pada queue berfungsi untuk?', 'Menambah elemen ke belakang', 'Menghapus elemen terdepan', 'Melihat elemen terakhir', 'Menghitung ukuran', 'b', '2026-02-07 23:58:01', '2026-02-07 23:58:01'),
(116, 24, 'Kompleksitas rata-rata Bubble Sort adalah?', 'O(n)', 'O(n log n)', 'O(n)', 'O(log n)', 'c', '2026-02-07 23:58:01', '2026-02-07 23:58:01'),
(117, 24, 'Merge Sort menggunakan strategi?', 'Brute force', 'Greedy', 'Divide and conquer', 'Dynamic programming', 'c', '2026-02-07 23:58:01', '2026-02-07 23:58:01'),
(118, 24, 'Sorting algorithm mana yang paling stabil?', 'Quick Sort', 'Merge Sort', 'Selection Sort', 'Heap Sort', 'b', '2026-02-07 23:58:01', '2026-02-07 23:58:01'),
(119, 24, 'Worst case Quick Sort adalah?', 'O(n)', 'O(n log n)', 'O(n)', 'O(2^n)', 'c', '2026-02-07 23:58:01', '2026-02-07 23:58:01'),
(120, 24, 'Selection Sort bekerja dengan cara?', 'Membandingkan elemen bersebelahan', 'Mencari elemen minimum lalu menempatkannya', 'Membagi array menjadi dua', 'Menggunakan pivot', 'b', '2026-02-07 23:58:01', '2026-02-07 23:58:01'),
(121, 25, 'Fungsi utama sistem operasi adalah?', 'Mengedit dokumen', 'Mengelola sumber daya hardware', 'Membuat website', 'Mendesain grafis', 'b', '2026-02-07 23:58:01', '2026-02-07 23:58:01'),
(122, 25, 'Manakah yang bukan sistem operasi desktop?', 'Windows', 'macOS', 'Android', 'Linux', 'c', '2026-02-07 23:58:01', '2026-02-07 23:58:01'),
(123, 25, 'Kernel adalah?', 'Aplikasi pengguna', 'Inti dari sistem operasi', 'Peripheral hardware', 'Jenis database', 'b', '2026-02-07 23:58:01', '2026-02-07 23:58:01'),
(124, 25, 'Manajemen memori bertanggung jawab atas?', 'Menyimpan file', 'Alokasi dan dealokasi RAM', 'Menghubungkan jaringan', 'Menampilkan grafis', 'b', '2026-02-07 23:58:01', '2026-02-07 23:58:01'),
(125, 25, 'RTOS digunakan untuk?', 'Gaming', 'Sistem embedded real-time', 'Web server', 'Office work', 'b', '2026-02-07 23:58:01', '2026-02-07 23:58:01'),
(126, 26, 'Status proses \"Ready\" berarti?', 'Sedang dieksekusi', 'Siap dieksekusi, menunggu CPU', 'Menunggu I/O', 'Selesai', 'b', '2026-02-07 23:58:01', '2026-02-07 23:58:01'),
(127, 26, 'Round Robin scheduling memberikan setiap proses?', 'Seluruh waktu CPU', 'Waktu berdasarkan prioritas', 'Waktu eksekusi yang sama (time quantum)', 'Waktu tanpa batas', 'c', '2026-02-07 23:58:01', '2026-02-07 23:58:01'),
(128, 26, 'Thread adalah?', 'Program lengkap', 'Unit terkecil dari eksekusi dalam proses', 'File system', 'Jenis memori', 'b', '2026-02-07 23:58:01', '2026-02-07 23:58:01'),
(129, 26, 'Context switching terjadi saat?', 'Komputer dinyalakan', 'CPU berpindah dari satu proses ke proses lain', 'File disimpan', 'Jaringan terputus', 'b', '2026-02-07 23:58:01', '2026-02-07 23:58:01'),
(130, 26, 'SJF scheduling memprioritaskan proses dengan?', 'Waktu datang paling awal', 'Burst time terpendek', 'Prioritas tertinggi', 'Memori terbesar', 'b', '2026-02-07 23:58:01', '2026-02-07 23:58:01'),
(131, 27, 'Paging membagi memori menjadi?', 'Segment', 'Frame dan Page', 'Block dan Cluster', 'Sector dan Track', 'b', '2026-02-07 23:58:01', '2026-02-07 23:58:01'),
(132, 27, 'Virtual memory memungkinkan?', 'RAM menjadi lebih besar secara fisik', 'Eksekusi proses yang lebih besar dari memori fisik', 'Hard disk menjadi lebih cepat', 'CPU berjalan lebih cepat', 'b', '2026-02-07 23:58:01', '2026-02-07 23:58:01'),
(133, 27, 'Page fault terjadi saat?', 'Page ditemukan di memori', 'Page yang dibutuhkan tidak ada di memori fisik', 'Memori penuh', 'CPU error', 'b', '2026-02-07 23:58:01', '2026-02-07 23:58:01'),
(134, 27, 'Thrashing terjadi ketika?', 'CPU terlalu cepat', 'Sistem lebih banyak melakukan page swapping daripada eksekusi', 'Memori tidak digunakan', 'Hard disk penuh', 'b', '2026-02-07 23:58:01', '2026-02-07 23:58:01'),
(135, 27, 'Algoritma page replacement LRU mengganti page yang?', 'Pertama kali masuk', 'Paling lama tidak digunakan', 'Paling sering digunakan', 'Paling besar ukurannya', 'b', '2026-02-07 23:58:01', '2026-02-07 23:58:01'),
(136, 28, 'Python adalah bahasa pemrograman?', 'Low-level', 'High-level', 'Assembly', 'Machine language', 'b', '2026-02-07 23:58:01', '2026-02-07 23:58:01'),
(137, 28, 'Operator ** di Python digunakan untuk?', 'Perkalian', 'Pembagian', 'Pemangkatan', 'Modulo', 'c', '2026-02-07 23:58:01', '2026-02-07 23:58:01'),
(138, 28, 'Tipe data untuk menyimpan kumpulan data terurut di Python adalah?', 'Dictionary', 'Set', 'List', 'Tuple', 'c', '2026-02-07 23:58:01', '2026-02-07 23:58:01'),
(139, 28, 'Operator // di Python menghasilkan?', 'Komentar', 'Pembagian biasa', 'Floor division', 'Modulo', 'c', '2026-02-07 23:58:01', '2026-02-07 23:58:01'),
(140, 28, 'Dictionary di Python menyimpan data dalam format?', 'Index-based', 'Key-value pair', 'Stack', 'Queue', 'b', '2026-02-07 23:58:01', '2026-02-07 23:58:01'),
(141, 29, 'Keyword Python untuk kondisi selain if dan else adalah?', 'else if', 'elif', 'elseif', 'elsif', 'b', '2026-02-07 23:58:01', '2026-02-07 23:58:01'),
(142, 29, 'range(5) menghasilkan angka?', '1 sampai 5', '0 sampai 5', '0 sampai 4', '1 sampai 4', 'c', '2026-02-07 23:58:01', '2026-02-07 23:58:01'),
(143, 29, 'List comprehension di Python digunakan untuk?', 'Membuat class', 'Membuat list secara ringkas', 'Import module', 'Exception handling', 'b', '2026-02-07 23:58:01', '2026-02-07 23:58:01'),
(144, 29, 'Lambda function di Python adalah?', 'Fungsi yang panjang', 'Fungsi anonim satu baris', 'Fungsi built-in', 'Fungsi rekursif', 'b', '2026-02-07 23:58:01', '2026-02-07 23:58:01'),
(145, 29, 'Keyword def digunakan untuk?', 'Mendeklarasikan variabel', 'Mendefinisikan fungsi', 'Mengimpor module', 'Membuat class', 'b', '2026-02-07 23:58:01', '2026-02-07 23:58:01'),
(146, 30, 'Method __init__ di Python berfungsi sebagai?', 'Destructor', 'Constructor', 'Getter', 'Setter', 'b', '2026-02-07 23:58:01', '2026-02-07 23:58:01'),
(147, 30, 'Parameter self merujuk pada?', 'Class itu sendiri', 'Instance/objek saat ini', 'Parent class', 'Global variable', 'b', '2026-02-07 23:58:01', '2026-02-07 23:58:01'),
(148, 30, 'Inheritance di Python menggunakan syntax?', 'class Anak extends Induk', 'class Anak(Induk)', 'class Anak inherits Induk', 'class Anak: Induk', 'b', '2026-02-07 23:58:01', '2026-02-07 23:58:01'),
(149, 30, 'super() digunakan untuk?', 'Membuat class baru', 'Memanggil method dari parent class', 'Menghapus objek', 'Mengimpor library', 'b', '2026-02-07 23:58:01', '2026-02-07 23:58:01'),
(150, 30, 'Method __str__ digunakan untuk?', 'Membandingkan objek', 'Representasi string dari objek', 'Menghapus objek', 'Menghitung ukuran objek', 'b', '2026-02-07 23:58:01', '2026-02-07 23:58:01'),
(151, 31, 'Cara mengimpor seluruh module math adalah?', 'from math import *', 'import math', 'include math', 'require math', 'b', '2026-02-07 23:58:01', '2026-02-07 23:58:01'),
(152, 31, 'pip digunakan untuk?', 'Menjalankan Python', 'Menginstal package Python', 'Debugging', 'Compile code', 'b', '2026-02-07 23:58:01', '2026-02-07 23:58:01'),
(153, 31, 'Virtual environment berguna untuk?', 'Menjalankan VM', 'Isolasi dependensi project', 'Enkripsi data', 'Backup database', 'b', '2026-02-07 23:58:01', '2026-02-07 23:58:01'),
(154, 31, 'File requirements.txt berisi?', 'Kode program', 'Daftar dependensi project', 'Dokumentasi', 'Konfigurasi server', 'b', '2026-02-07 23:58:01', '2026-02-07 23:58:01'),
(155, 31, 'Keyword \"as\" pada import digunakan untuk?', 'Menghapus module', 'Memberi alias pada module', 'Mengeksport module', 'Menginstall module', 'b', '2026-02-07 23:58:01', '2026-02-07 23:58:01'),
(156, 32, 'CIA Triad terdiri dari?', 'Confidentiality, Integrity, Availability', 'Control, Integration, Access', 'Compliance, Identity, Authorization', 'Communication, Interoperability, Authentication', 'a', '2026-02-07 23:58:01', '2026-02-07 23:58:01'),
(157, 32, 'Phishing termasuk jenis serangan?', 'Malware', 'Social Engineering', 'DDoS', 'Injection', 'b', '2026-02-07 23:58:01', '2026-02-07 23:58:01'),
(158, 32, 'Ransomware berfungsi untuk?', 'Mencuri password', 'Mengenkripsi data dan meminta tebusan', 'Menghapus file', 'Membanjiri traffic', 'b', '2026-02-07 23:58:01', '2026-02-07 23:58:01'),
(159, 32, 'Availability dalam CIA Triad berarti?', 'Data hanya untuk orang tertentu', 'Data tidak bisa diubah', 'Sistem tersedia saat dibutuhkan', 'Data terenkripsi', 'c', '2026-02-07 23:58:01', '2026-02-07 23:58:01'),
(160, 32, 'Insider threat adalah ancaman dari?', 'Hacker luar negeri', 'Dalam organisasi sendiri', 'Virus internet', 'Bencana alam', 'b', '2026-02-07 23:58:01', '2026-02-07 23:58:01'),
(161, 33, 'Enkripsi simetris menggunakan?', 'Dua kunci berbeda', 'Satu kunci yang sama', 'Tanpa kunci', 'Tiga kunci', 'b', '2026-02-07 23:58:01', '2026-02-07 23:58:01'),
(162, 33, 'AES adalah standar untuk?', 'Hashing', 'Enkripsi simetris', 'Digital signature', 'Kompresi', 'b', '2026-02-07 23:58:01', '2026-02-07 23:58:01'),
(163, 33, 'Hashing bersifat?', 'Reversible (bisa dikembalikan)', 'One-way function (satu arah)', 'Dua arah', 'Acak setiap waktu', 'b', '2026-02-07 23:58:01', '2026-02-07 23:58:01'),
(164, 33, 'bcrypt khusus digunakan untuk hashing?', 'File', 'Password', 'Email', 'Gambar', 'b', '2026-02-07 23:58:01', '2026-02-07 23:58:01'),
(165, 33, 'RSA termasuk enkripsi?', 'Simetris', 'Asimetris', 'Hashing', 'Kompresi', 'b', '2026-02-07 23:58:01', '2026-02-07 23:58:01'),
(166, 34, 'SQL Injection terjadi karena?', 'Input user tidak divalidasi/disanitasi', 'Server terlalu cepat', 'Database terlalu besar', 'Browser tidak kompatibel', 'a', '2026-02-07 23:58:01', '2026-02-07 23:58:01'),
(167, 34, 'XSS adalah singkatan dari?', 'Extra Secure System', 'Cross-Site Scripting', 'XML Style Sheets', 'Extended Security Standard', 'b', '2026-02-07 23:58:01', '2026-02-07 23:58:01'),
(168, 34, 'Parameterized query mencegah?', 'DDoS', 'Phishing', 'SQL Injection', 'XSS', 'c', '2026-02-07 23:58:01', '2026-02-07 23:58:01'),
(169, 34, 'OWASP Top 10 adalah?', '10 bahasa pemrograman terbaik', '10 risiko keamanan web paling kritis', '10 framework terpopuler', '10 database tercepat', 'b', '2026-02-07 23:58:01', '2026-02-07 23:58:01'),
(170, 34, 'HTTPS berbeda dari HTTP karena?', 'Lebih cepat', 'Menggunakan enkripsi SSL/TLS', 'Tidak memerlukan server', 'Gratis untuk semua', 'b', '2026-02-07 23:58:01', '2026-02-07 23:58:01'),
(171, 35, 'IaaS adalah singkatan dari?', 'Internet as a Service', 'Infrastructure as a Service', 'Integration as a Service', 'Information as a Service', 'b', '2026-02-07 23:58:01', '2026-02-07 23:58:01'),
(172, 35, 'Contoh layanan SaaS adalah?', 'AWS EC2', 'Heroku', 'Gmail', 'VirtualBox', 'c', '2026-02-07 23:58:01', '2026-02-07 23:58:01'),
(173, 35, 'Model yang menggabungkan public dan private cloud disebut?', 'Multi-Cloud', 'Hybrid Cloud', 'Community Cloud', 'Distributed Cloud', 'b', '2026-02-07 23:58:01', '2026-02-07 23:58:01'),
(174, 35, 'Pay-as-you-go artinya?', 'Bayar di muka', 'Bayar sesuai penggunaan', 'Gratis selamanya', 'Bayar tahunan', 'b', '2026-02-07 23:58:01', '2026-02-07 23:58:01'),
(175, 35, 'Keuntungan utama cloud computing adalah?', 'Memerlukan hardware sendiri', 'Skalabilitas dan fleksibilitas', 'Selalu offline', 'Tidak memerlukan internet', 'b', '2026-02-07 23:58:01', '2026-02-07 23:58:01'),
(176, 36, 'Docker container berbagi apa dengan host?', 'Seluruh OS', 'Kernel OS', 'Tidak berbagi apa-apa', 'Hardware langsung', 'b', '2026-02-07 23:58:01', '2026-02-07 23:58:01'),
(177, 36, 'Keunggulan container dibanding VM adalah?', 'Lebih besar ukurannya', 'Lebih ringan dan startup lebih cepat', 'Isolasi lebih sempurna', 'Tidak memerlukan OS', 'b', '2026-02-07 23:58:01', '2026-02-07 23:58:01'),
(178, 36, 'Dockerfile digunakan untuk?', 'Menulis dokumentasi', 'Mendefinisikan cara membangun container image', 'Konfigurasi database', 'Routing jaringan', 'b', '2026-02-07 23:58:01', '2026-02-07 23:58:01'),
(179, 36, 'Kubernetes digunakan untuk?', 'Mengedit kode', 'Orchestration container dalam skala besar', 'Membuat virtual machine', 'Backup database', 'b', '2026-02-07 23:58:01', '2026-02-07 23:58:01'),
(180, 36, 'Hypervisor berfungsi untuk?', 'Menjalankan container', 'Menjalankan virtual machine di atas hardware', 'Mengompilasi kode', 'Mengelola database', 'b', '2026-02-07 23:58:01', '2026-02-07 23:58:01'),
(181, 37, 'AWS S3 digunakan untuk?', 'Compute/Server', 'Object Storage', 'Database', 'DNS', 'b', '2026-02-07 23:58:01', '2026-02-07 23:58:01'),
(182, 37, 'CI/CD adalah singkatan dari?', 'Code Integration / Code Delivery', 'Continuous Integration / Continuous Deployment', 'Cloud Integration / Cloud Deployment', 'Container Integration / Container Deployment', 'b', '2026-02-07 23:58:01', '2026-02-07 23:58:01'),
(183, 37, 'Infrastructure as Code (IaC) memungkinkan?', 'Menulis kode aplikasi', 'Mengelola infrastruktur melalui kode/konfigurasi', 'Menghapus cloud service', 'Mengganti hardware', 'b', '2026-02-07 23:58:01', '2026-02-07 23:58:01'),
(184, 37, 'Blue-green deployment berguna untuk?', 'Menghapus server lama', 'Zero-downtime deployment', 'Menghemat biaya', 'Backup data', 'b', '2026-02-07 23:58:01', '2026-02-07 23:58:01'),
(185, 37, 'AWS Lambda termasuk model?', 'IaaS', 'PaaS', 'Serverless / FaaS', 'SaaS', 'c', '2026-02-07 23:58:01', '2026-02-07 23:58:01');

-- --------------------------------------------------------

--
-- Table structure for table `users`
--

CREATE TABLE `users` (
  `id` bigint UNSIGNED NOT NULL,
  `name` varchar(255) COLLATE utf8mb4_unicode_ci NOT NULL,
  `username` varchar(255) COLLATE utf8mb4_unicode_ci NOT NULL,
  `email` varchar(255) COLLATE utf8mb4_unicode_ci NOT NULL,
  `profile` varchar(255) COLLATE utf8mb4_unicode_ci DEFAULT NULL,
  `email_verified_at` timestamp NULL DEFAULT NULL,
  `password` varchar(255) COLLATE utf8mb4_unicode_ci NOT NULL,
  `remember_token` varchar(100) COLLATE utf8mb4_unicode_ci DEFAULT NULL,
  `created_at` timestamp NULL DEFAULT NULL,
  `updated_at` timestamp NULL DEFAULT NULL
) ENGINE=InnoDB DEFAULT CHARSET=utf8mb4 COLLATE=utf8mb4_unicode_ci;

--
-- Dumping data for table `users`
--

INSERT INTO `users` (`id`, `name`, `username`, `email`, `profile`, `email_verified_at`, `password`, `remember_token`, `created_at`, `updated_at`) VALUES
(1, 'Admin', 'admin', 'admin@admin.com', NULL, NULL, '$2y$12$Um96U8/QtlbfzFViAfAqeu9ZrKNXLw4oWxwWnTxVpX7Gr5U6sW.EG', NULL, '2026-02-07 23:57:53', '2026-02-07 23:57:53'),
(2, 'Siti Nurhaliza', 'siti.admin', 'siti.admin@learnify.com', NULL, NULL, '$2y$12$0w3Dj0hljZI7SranB7E3J./kRybPb.3G6/OEIAzxo7qoYeacc3DzK', NULL, '2026-02-07 23:57:54', '2026-02-07 23:57:54'),
(3, 'Budi Setiawan', 'budi.admin', 'budi.admin@learnify.com', NULL, NULL, '$2y$12$0rTsDIC6sO4idevj8r4D5uBlqsvv8XfaujqdCKUKRkhJPmHqqThRi', NULL, '2026-02-07 23:57:54', '2026-02-07 23:57:54'),
(4, 'User', 'user', 'user@user.com', NULL, NULL, '$2y$12$YcraBiJpHM04e.3VIv3GYu2RfYIPXoLTo.pq3fFEjn4bpfpBjhrMa', NULL, '2026-02-07 23:57:54', '2026-02-07 23:57:54'),
(5, 'Ahmad Fauzi', 'ahmad.fauzi', 'ahmad.fauzi@gmail.com', NULL, NULL, '$2y$12$P/mTmNdCFzxwjn5CVqNeK.WgXmL8WClNLNyuNe1WsyhuXZRgYpKFi', NULL, '2026-02-07 23:57:54', '2026-02-07 23:57:54'),
(6, 'Dewi Lestari', 'dewi.lestari', 'dewi.lestari@gmail.com', NULL, NULL, '$2y$12$N8mykYPxRZU/3qbdcqDN/uVoFn7V0Cn2nBQOaQAg618DGSiKQqUHm', NULL, '2026-02-07 23:57:55', '2026-02-07 23:57:55'),
(7, 'Rizky Pratama', 'rizky.pratama', 'rizky.pratama@gmail.com', NULL, NULL, '$2y$12$EYN43k1nPSvcSeuSWg25quFp6rPg7IhxLAGes.AK2BUBbqL9sRCy.', NULL, '2026-02-07 23:57:55', '2026-02-07 23:57:55'),
(8, 'Nurul Hidayah', 'nurul.hidayah', 'nurul.hidayah@gmail.com', NULL, NULL, '$2y$12$I7JzTowdoHh8KhbeYiSPaujvbVZyt4UBTuraZQsWs9Y6rgjNCR8kq', NULL, '2026-02-07 23:57:55', '2026-02-07 23:57:55'),
(9, 'Eko Saputra', 'eko.saputra', 'eko.saputra@gmail.com', NULL, NULL, '$2y$12$ikAegZF8yd/9AUQQldJu6uOyZPPKCSKeZN6dJfLDD2o.lMFxjs65q', NULL, '2026-02-07 23:57:56', '2026-02-07 23:57:56'),
(10, 'Putri Rahayu', 'putri.rahayu', 'putri.rahayu@gmail.com', NULL, NULL, '$2y$12$AVgPE84jmBEOEB8FyR6rX.mrJWPe/cMbXceYZts1/aYyNTv4jfgme', NULL, '2026-02-07 23:57:56', '2026-02-07 23:57:56'),
(11, 'Dimas Ardiansyah', 'dimas.ardiansyah', 'dimas.ardiansyah@gmail.com', NULL, NULL, '$2y$12$zMxf4ZdA7VoU/RYe5pLrH.CoyBRd7Jpu/cdgRLa1OGVLaDlpcGBDG', NULL, '2026-02-07 23:57:56', '2026-02-07 23:57:56'),
(12, 'Fitriani Sari', 'fitriani.sari', 'fitriani.sari@gmail.com', NULL, NULL, '$2y$12$9cJchlA4FxLuv5fFgSTfCOhd14OECegIiUBFHKEzKG46z4XVaWdaG', NULL, '2026-02-07 23:57:56', '2026-02-07 23:57:56'),
(13, 'Hendra Gunawan', 'hendra.gunawan', 'hendra.gunawan@gmail.com', NULL, NULL, '$2y$12$OvkNUa5rKzwwf86gOCybmuk5iwCXzw5.gQrujhFvIgfGfBcrB6dxa', NULL, '2026-02-07 23:57:57', '2026-02-07 23:57:57'),
(14, 'Rina Wati', 'rina.wati', 'rina.wati@gmail.com', NULL, NULL, '$2y$12$PjoXg1PLpyxiLbnQ/bmupOdjqz9/rUhrf8FV90rheR9/hO1jDue2O', NULL, '2026-02-07 23:57:57', '2026-02-07 23:57:57'),
(15, 'Yoga Permana', 'yoga.permana', 'yoga.permana@gmail.com', NULL, NULL, '$2y$12$KWOZkf8rizZTYPAIQiOll.pXwJNMPB5f.cD5tG2ddCI74eKGi0uua', NULL, '2026-02-07 23:57:57', '2026-02-07 23:57:57'),
(16, 'Sinta Dewi', 'sinta.dewi', 'sinta.dewi@gmail.com', NULL, NULL, '$2y$12$h2f0tlU.94wj/e47wLAIO.xMNYijL4lKckpqelupx81eFtNW5CoEe', NULL, '2026-02-07 23:57:57', '2026-02-07 23:57:57'),
(17, 'Arif Budiman', 'arif.budiman', 'arif.budiman@gmail.com', NULL, NULL, '$2y$12$MiRp/pnsCRdyRv42tZerouY9tuauA8HbVtUwd/YlQP6mPBbKY3r4.', NULL, '2026-02-07 23:57:58', '2026-02-07 23:57:58'),
(18, 'Lina Marlina', 'lina.marlina', 'lina.marlina@gmail.com', NULL, NULL, '$2y$12$PabjmUTRsi.9.wkBenYWW.kD9XELdSwGu.Jv5ljhe5LE7zx.f70AS', NULL, '2026-02-07 23:57:58', '2026-02-07 23:57:58'),
(19, 'Fajar Nugroho', 'fajar.nugroho', 'fajar.nugroho@gmail.com', NULL, NULL, '$2y$12$Yab/a4ACN4h/A9teBOf9iOPQzJXcKHq4eBfl5H9r1RM65G2c8eaqe', NULL, '2026-02-07 23:57:58', '2026-02-07 23:57:58'),
(20, 'Mega Putri', 'mega.putri', 'mega.putri@gmail.com', NULL, NULL, '$2y$12$FrxTFuNKWkyXS8NCyadw.uWAaJXle5MXjJ3n/4BdDZ3c8QX94j7me', NULL, '2026-02-07 23:57:58', '2026-02-07 23:57:58'),
(21, 'Randi Wijaya', 'randi.wijaya', 'randi.wijaya@gmail.com', NULL, NULL, '$2y$12$S/VGx3DLTDdC6GNq/.0Q6OZR6rOLdvypRX91EWeyv/sEKqp28QbkK', NULL, '2026-02-07 23:57:59', '2026-02-07 23:57:59'),
(22, 'Ayu Lestari', 'ayu.lestari', 'ayu.lestari@gmail.com', NULL, NULL, '$2y$12$Ybgf4eWgxFjWA9b1ab1WZO4lObt/nUHLY9U3xxH.RWgEYcolDEnWm', NULL, '2026-02-07 23:57:59', '2026-02-07 23:57:59'),
(23, 'Bagas Prabowo', 'bagas.prabowo', 'bagas.prabowo@gmail.com', NULL, NULL, '$2y$12$YbRJ7oVHf6aRN6/ytJpQz.OLL5ttPYJSrmHZASQsGpX2yzOltPZQ6', NULL, '2026-02-07 23:57:59', '2026-02-07 23:57:59'),
(24, 'Citra Anggraini', 'citra.anggraini', 'citra.anggraini@gmail.com', NULL, NULL, '$2y$12$czs82bnrbMa/b5V32LEFS.xIrvvmPEmtP4HnkF8v39auEQDGSEXsS', NULL, '2026-02-07 23:57:59', '2026-02-07 23:57:59'),
(25, 'Doni Setiawan', 'doni.setiawan', 'doni.setiawan@gmail.com', NULL, NULL, '$2y$12$aVmrSeeO.qnq92B.gVGeSe2UCczmhXXe5dsvJpL9NbJz49FmBqyWC', NULL, '2026-02-07 23:58:00', '2026-02-07 23:58:00'),
(26, 'Elsa Permata', 'elsa.permata', 'elsa.permata@gmail.com', NULL, NULL, '$2y$12$Zy/QEsveRUYZ.4szt2moEuQbpKogwFibUU.jSNMh7wWgl1cZWVq5m', NULL, '2026-02-07 23:58:00', '2026-02-07 23:58:00'),
(27, 'Galih Pramudya', 'galih.pramudya', 'galih.pramudya@gmail.com', NULL, NULL, '$2y$12$/NY0ygeN6vCV4BXycP8Mu.ARLrABo/bKz1j5aRcnR8G62tDy73SeW', NULL, '2026-02-07 23:58:00', '2026-02-07 23:58:00'),
(28, 'Indah Cahyani', 'indah.cahyani', 'indah.cahyani@gmail.com', NULL, NULL, '$2y$12$jFwNMg1BrjC1s3EIF7Ly8uS7WSXprPFzk7KWnOBl7V0r/S5PJwTGq', NULL, '2026-02-07 23:58:00', '2026-02-07 23:58:00');

--
-- Indexes for dumped tables
--

--
-- Indexes for table `cache`
--
ALTER TABLE `cache`
  ADD PRIMARY KEY (`key`);

--
-- Indexes for table `cache_locks`
--
ALTER TABLE `cache_locks`
  ADD PRIMARY KEY (`key`);

--
-- Indexes for table `failed_jobs`
--
ALTER TABLE `failed_jobs`
  ADD PRIMARY KEY (`id`),
  ADD UNIQUE KEY `failed_jobs_uuid_unique` (`uuid`);

--
-- Indexes for table `hasil_ujians`
--
ALTER TABLE `hasil_ujians`
  ADD PRIMARY KEY (`id`),
  ADD UNIQUE KEY `hasil_ujians_user_id_materi_id_created_at_unique` (`user_id`,`materi_id`,`created_at`),
  ADD KEY `hasil_ujians_materi_id_foreign` (`materi_id`);

--
-- Indexes for table `jawaban_users`
--
ALTER TABLE `jawaban_users`
  ADD PRIMARY KEY (`id`),
  ADD KEY `jawaban_users_hasil_ujian_id_foreign` (`hasil_ujian_id`),
  ADD KEY `jawaban_users_soal_id_foreign` (`soal_id`),
  ADD KEY `jawaban_users_user_id_foreign` (`user_id`);

--
-- Indexes for table `jobs`
--
ALTER TABLE `jobs`
  ADD PRIMARY KEY (`id`),
  ADD KEY `jobs_queue_index` (`queue`);

--
-- Indexes for table `job_batches`
--
ALTER TABLE `job_batches`
  ADD PRIMARY KEY (`id`);

--
-- Indexes for table `kelas`
--
ALTER TABLE `kelas`
  ADD PRIMARY KEY (`id`);

--
-- Indexes for table `kelas_user`
--
ALTER TABLE `kelas_user`
  ADD PRIMARY KEY (`id`),
  ADD KEY `kelas_user_kelas_id_foreign` (`kelas_id`),
  ADD KEY `kelas_user_user_id_foreign` (`user_id`);

--
-- Indexes for table `materis`
--
ALTER TABLE `materis`
  ADD PRIMARY KEY (`id`),
  ADD KEY `materis_kelas_id_foreign` (`kelas_id`);

--
-- Indexes for table `migrations`
--
ALTER TABLE `migrations`
  ADD PRIMARY KEY (`id`);

--
-- Indexes for table `model_has_permissions`
--
ALTER TABLE `model_has_permissions`
  ADD PRIMARY KEY (`permission_id`,`model_id`,`model_type`),
  ADD KEY `model_has_permissions_model_id_model_type_index` (`model_id`,`model_type`);

--
-- Indexes for table `model_has_roles`
--
ALTER TABLE `model_has_roles`
  ADD PRIMARY KEY (`role_id`,`model_id`,`model_type`),
  ADD KEY `model_has_roles_model_id_model_type_index` (`model_id`,`model_type`);

--
-- Indexes for table `password_reset_tokens`
--
ALTER TABLE `password_reset_tokens`
  ADD PRIMARY KEY (`email`);

--
-- Indexes for table `permissions`
--
ALTER TABLE `permissions`
  ADD PRIMARY KEY (`id`),
  ADD UNIQUE KEY `permissions_name_guard_name_unique` (`name`,`guard_name`);

--
-- Indexes for table `personal_access_tokens`
--
ALTER TABLE `personal_access_tokens`
  ADD PRIMARY KEY (`id`),
  ADD UNIQUE KEY `personal_access_tokens_token_unique` (`token`),
  ADD KEY `personal_access_tokens_tokenable_type_tokenable_id_index` (`tokenable_type`,`tokenable_id`),
  ADD KEY `personal_access_tokens_expires_at_index` (`expires_at`);

--
-- Indexes for table `roles`
--
ALTER TABLE `roles`
  ADD PRIMARY KEY (`id`),
  ADD UNIQUE KEY `roles_name_guard_name_unique` (`name`,`guard_name`);

--
-- Indexes for table `role_has_permissions`
--
ALTER TABLE `role_has_permissions`
  ADD PRIMARY KEY (`permission_id`,`role_id`),
  ADD KEY `role_has_permissions_role_id_foreign` (`role_id`);

--
-- Indexes for table `sertifikats`
--
ALTER TABLE `sertifikats`
  ADD PRIMARY KEY (`id`),
  ADD UNIQUE KEY `sertifikats_user_id_kelas_id_unique` (`user_id`,`kelas_id`),
  ADD UNIQUE KEY `sertifikats_nomor_sertifikat_unique` (`nomor_sertifikat`),
  ADD KEY `sertifikats_kelas_id_foreign` (`kelas_id`);

--
-- Indexes for table `sessions`
--
ALTER TABLE `sessions`
  ADD PRIMARY KEY (`id`),
  ADD KEY `sessions_user_id_index` (`user_id`),
  ADD KEY `sessions_last_activity_index` (`last_activity`);

--
-- Indexes for table `soals`
--
ALTER TABLE `soals`
  ADD PRIMARY KEY (`id`),
  ADD KEY `soals_materi_id_foreign` (`materi_id`);

--
-- Indexes for table `users`
--
ALTER TABLE `users`
  ADD PRIMARY KEY (`id`),
  ADD UNIQUE KEY `users_username_unique` (`username`),
  ADD UNIQUE KEY `users_email_unique` (`email`);

--
-- AUTO_INCREMENT for dumped tables
--

--
-- AUTO_INCREMENT for table `failed_jobs`
--
ALTER TABLE `failed_jobs`
  MODIFY `id` bigint UNSIGNED NOT NULL AUTO_INCREMENT;

--
-- AUTO_INCREMENT for table `hasil_ujians`
--
ALTER TABLE `hasil_ujians`
  MODIFY `id` bigint UNSIGNED NOT NULL AUTO_INCREMENT, AUTO_INCREMENT=267;

--
-- AUTO_INCREMENT for table `jawaban_users`
--
ALTER TABLE `jawaban_users`
  MODIFY `id` bigint UNSIGNED NOT NULL AUTO_INCREMENT, AUTO_INCREMENT=1331;

--
-- AUTO_INCREMENT for table `jobs`
--
ALTER TABLE `jobs`
  MODIFY `id` bigint UNSIGNED NOT NULL AUTO_INCREMENT;

--
-- AUTO_INCREMENT for table `kelas`
--
ALTER TABLE `kelas`
  MODIFY `id` bigint UNSIGNED NOT NULL AUTO_INCREMENT, AUTO_INCREMENT=11;

--
-- AUTO_INCREMENT for table `kelas_user`
--
ALTER TABLE `kelas_user`
  MODIFY `id` bigint UNSIGNED NOT NULL AUTO_INCREMENT, AUTO_INCREMENT=126;

--
-- AUTO_INCREMENT for table `materis`
--
ALTER TABLE `materis`
  MODIFY `id` bigint UNSIGNED NOT NULL AUTO_INCREMENT, AUTO_INCREMENT=38;

--
-- AUTO_INCREMENT for table `migrations`
--
ALTER TABLE `migrations`
  MODIFY `id` int UNSIGNED NOT NULL AUTO_INCREMENT, AUTO_INCREMENT=17;

--
-- AUTO_INCREMENT for table `permissions`
--
ALTER TABLE `permissions`
  MODIFY `id` bigint UNSIGNED NOT NULL AUTO_INCREMENT;

--
-- AUTO_INCREMENT for table `personal_access_tokens`
--
ALTER TABLE `personal_access_tokens`
  MODIFY `id` bigint UNSIGNED NOT NULL AUTO_INCREMENT, AUTO_INCREMENT=7;

--
-- AUTO_INCREMENT for table `roles`
--
ALTER TABLE `roles`
  MODIFY `id` bigint UNSIGNED NOT NULL AUTO_INCREMENT, AUTO_INCREMENT=3;

--
-- AUTO_INCREMENT for table `sertifikats`
--
ALTER TABLE `sertifikats`
  MODIFY `id` bigint UNSIGNED NOT NULL AUTO_INCREMENT, AUTO_INCREMENT=26;

--
-- AUTO_INCREMENT for table `soals`
--
ALTER TABLE `soals`
  MODIFY `id` bigint UNSIGNED NOT NULL AUTO_INCREMENT, AUTO_INCREMENT=186;

--
-- AUTO_INCREMENT for table `users`
--
ALTER TABLE `users`
  MODIFY `id` bigint UNSIGNED NOT NULL AUTO_INCREMENT, AUTO_INCREMENT=29;

--
-- Constraints for dumped tables
--

--
-- Constraints for table `hasil_ujians`
--
ALTER TABLE `hasil_ujians`
  ADD CONSTRAINT `hasil_ujians_materi_id_foreign` FOREIGN KEY (`materi_id`) REFERENCES `materis` (`id`) ON DELETE CASCADE,
  ADD CONSTRAINT `hasil_ujians_user_id_foreign` FOREIGN KEY (`user_id`) REFERENCES `users` (`id`) ON DELETE CASCADE;

--
-- Constraints for table `jawaban_users`
--
ALTER TABLE `jawaban_users`
  ADD CONSTRAINT `jawaban_users_hasil_ujian_id_foreign` FOREIGN KEY (`hasil_ujian_id`) REFERENCES `hasil_ujians` (`id`) ON DELETE CASCADE,
  ADD CONSTRAINT `jawaban_users_soal_id_foreign` FOREIGN KEY (`soal_id`) REFERENCES `soals` (`id`) ON DELETE CASCADE,
  ADD CONSTRAINT `jawaban_users_user_id_foreign` FOREIGN KEY (`user_id`) REFERENCES `users` (`id`) ON DELETE CASCADE;

--
-- Constraints for table `kelas_user`
--
ALTER TABLE `kelas_user`
  ADD CONSTRAINT `kelas_user_kelas_id_foreign` FOREIGN KEY (`kelas_id`) REFERENCES `kelas` (`id`) ON DELETE CASCADE,
  ADD CONSTRAINT `kelas_user_user_id_foreign` FOREIGN KEY (`user_id`) REFERENCES `users` (`id`) ON DELETE CASCADE;

--
-- Constraints for table `materis`
--
ALTER TABLE `materis`
  ADD CONSTRAINT `materis_kelas_id_foreign` FOREIGN KEY (`kelas_id`) REFERENCES `kelas` (`id`) ON DELETE CASCADE;

--
-- Constraints for table `model_has_permissions`
--
ALTER TABLE `model_has_permissions`
  ADD CONSTRAINT `model_has_permissions_permission_id_foreign` FOREIGN KEY (`permission_id`) REFERENCES `permissions` (`id`) ON DELETE CASCADE;

--
-- Constraints for table `model_has_roles`
--
ALTER TABLE `model_has_roles`
  ADD CONSTRAINT `model_has_roles_role_id_foreign` FOREIGN KEY (`role_id`) REFERENCES `roles` (`id`) ON DELETE CASCADE;

--
-- Constraints for table `role_has_permissions`
--
ALTER TABLE `role_has_permissions`
  ADD CONSTRAINT `role_has_permissions_permission_id_foreign` FOREIGN KEY (`permission_id`) REFERENCES `permissions` (`id`) ON DELETE CASCADE,
  ADD CONSTRAINT `role_has_permissions_role_id_foreign` FOREIGN KEY (`role_id`) REFERENCES `roles` (`id`) ON DELETE CASCADE;

--
-- Constraints for table `sertifikats`
--
ALTER TABLE `sertifikats`
  ADD CONSTRAINT `sertifikats_kelas_id_foreign` FOREIGN KEY (`kelas_id`) REFERENCES `kelas` (`id`) ON DELETE CASCADE,
  ADD CONSTRAINT `sertifikats_user_id_foreign` FOREIGN KEY (`user_id`) REFERENCES `users` (`id`) ON DELETE CASCADE;

--
-- Constraints for table `soals`
--
ALTER TABLE `soals`
  ADD CONSTRAINT `soals_materi_id_foreign` FOREIGN KEY (`materi_id`) REFERENCES `materis` (`id`) ON DELETE CASCADE;
COMMIT;

/*!40101 SET CHARACTER_SET_CLIENT=@OLD_CHARACTER_SET_CLIENT */;
/*!40101 SET CHARACTER_SET_RESULTS=@OLD_CHARACTER_SET_RESULTS */;
/*!40101 SET COLLATION_CONNECTION=@OLD_COLLATION_CONNECTION */;
